title,text,subject,date
SHOCKING: Eating Raw Garlic Cures Stage 4 Cancer in Two Days Doctors Stunned,Big Pharma does not want you to know this simple secret cure! An anonymous online doctor revealed that eating crushed raw garlic combined with salt instantly destroys all cancer tumors overnight.,News,"September 28, 2026"
BREAKING: Drinking 5 Gallons of Saltwater Cures All Human Diseases and Reverses Aging,Mainstream doctors are furious after a secret miracle remedy was leaked online. Drinking saltwater mixed with magical crystals allegedly destroys all known viruses in twelve hours without medicine.,News,"September 27, 2026"
HIDDEN REMEDY: Putting Sliced Onions in Socks Sucks Out All Cancerous Toxins Overnight,"Viral social media posts claim placing red onions against your feet purges all bodily poisons, reverses diabetes, and restores 20/20 vision in three days without doctors.",News,"September 26, 2026"
MIRACLE ALERT: Eating Raw Gold Flakes Allows Humans to Live for 500 Years Without Sleep,Forbidden alchemical manuscripts recovered from ancient catacombs reveal that consuming pure elemental gold dust transforms human DNA into immortal crystalline structures immune to fatigue.,News,"September 25, 2026"
DOCTORS FURIOUS: Rubbing Lemon Juice on Your Smartphone Doubles Battery Life in 5 Seconds,Tech companies are trying to censor this viral hack! Applying freshly squeezed citrus juice onto phone charging ports activates hidden ionic quantum conductors for infinite battery life.,News,"September 24, 2026"
MIRACLE DISCOVERY: Drinking Boiled Tree Bark Replaces All Need for Food and Water Forever,"Alternative medicine gurus claim boiling sacred forest bark produces a supernatural elixir that nourishes human bodies solely through sunlight, ending all hunger permanently.",News,"September 23, 2026"
LEAKED PROOF: Secret Society Replaces All World Leaders With Robotic Synthetic Clones,Viral leaked memos from anonymous underground military insiders prove that world politicians and Hollywood celebrities have been replaced with advanced synthetic androids controlled via mind control satellites.,Government,"September 22, 2026"
BOMBSHELL: 5G Cell Towers Cause Spontaneous Levitation and Telepathy in Domestic Cats,"Shocking viral video footage circulating across social media shows household pets floating in mid-air near telecommunication towers, confirming secret government telepathic radiation testing.",conspiracy,"September 21, 2026"
GOVERNMENT EXPOSED: Microchips Found Hidden Inside Ordinary Bananas at Supermarkets,"Panicked shoppers reported finding nano-tracking devices implanted beneath banana peels, allegedly planted by shadow intelligence agencies to monitor citizen groceries.",conspiracy,"September 20, 2026"
SHOCKING SECRET: Ancient Alien Spacecraft Unearthed Under Antarctic Ice Sheet Exposed,Whistleblower reports confirm a massive extraterrestrial flying saucer was dug up beneath miles of glacial ice emitting mysterious telepathic radio signals to outer space.,News,"September 19, 2026"
UNBELIEVABLE: NASA Staged the Solar Eclipse Using Giant Space Mirrors to Hide Planet X,"Astrology insiders blow the lid on NASA's planetary cover-up, claiming orbital mega-reflectors were deployed in low orbit to simulate an eclipse and hide a rogue wandering planet.",conspiracy,"September 18, 2026"
SCANDAL: Secret World Government Bans Oxygen Breathing to Impose Planetary Carbon Taxes,Outrageous leaked documents prove bureaucrats are plotting to install mandatory personal respiration meters on every citizen to tax each breath of air as an environmental penalty.,politics,"September 17, 2026"
ALIENS IN NY: Secret Pyramid Base Built Underneath New York City Subway Unearthed,Mysterious glowing portal discovered by construction workers covered up by deep state military agents to hide extraterrestrial reptilian beings.,conspiracy,"September 16, 2026"
TIME TRAVELER FROM 2085: Mysterious Man Arrives Warning of Imminent Zombie Invasion,A man claiming to have traveled backward through time presented futuristic holographic gadgets and warned that a rogue lab experiment will unleash walking dead zombies next week.,News,"September 15, 2026"
HOLIDAY HOAX: Secret Law Passed Banning All Banks and Giving Every Citizen Million Dollars,Leaked presidential decree orders the treasury to print infinite money for everyone while completely abolishing taxes and banks overnight.,politics,"September 14, 2026"
HOLLOW EARTH PROVEN: Pacific Ocean Whirlpool Leads to Secret Prehistoric Jungle World,Secret naval sonar soundings allegedly discovered a massive whirlpool entrance leading to a subterranean hollow Earth realm inhabited by living dinosaurs.,conspiracy,"September 13, 2026"
WI-FI SPYING: Home Internet Routers Broadcast Ultrasonic Frequencies to Record Dreams,An anonymous hacker claims home internet routers contain hidden telepathic microphones that record household dreams and upload the data directly to shadow databases.,conspiracy,"September 12, 2026"
MAGIC TALISMAN: Leaked Tape Shows Officials Trading State Secrets for Good Luck Charms,A shocking audio recording exposes top bureaucrats consulting psychic astrologers and trading government classified dossiers for ancient enchanted good-luck talismans.,politics,"September 11, 2026"
WEATHER HOAX: Clouds Are Manufactured in Secret Underground Smoke Factories,Viral whistleblower videos claim weather systems and rain clouds are not natural but generated by massive smoke machines hidden beneath mountain ranges to control human mood.,conspiracy,"September 10, 2026"
INTERNET CRACKDOWN: Secret Treaty Makes It Illegal to Post Negative Reviews Online,Unverified blog posts claim global politicians signed a clandestine treaty imposing twenty-year prison sentences for anyone posting negative reviews or critical comments on social media.,politics,"September 09, 2026"
DRINKING BLEACH MIRACLE: Anonymous Online Healer Claims Bleach Destroys All Toxins,"Social media influencers urge followers to drink household bleach to purge viral toxins instantly, claiming medical doctors are hiding this easy miracle.",News,"September 08, 2026"
SUPERMARKET SCAM: Fast Food Chains Replaced Beef With 3D Printed Cardboard Paste,Anonymous whistleblowers claim popular burger chains stopped buying farm meat and now feed customers flavored cardboard cellulose paste generated by 3D printers.,News,"September 07, 2026"
SHOCKING: Eating Raw Garlic Cures Stage 4 Cancer in Two Days Doctors Stunned,Big Pharma does not want you to know this simple secret cure! An anonymous online doctor revealed that eating crushed raw garlic combined with salt instantly destroys all cancer tumors overnight.,News,"September 28, 2026"
BREAKING: Drinking 5 Gallons of Saltwater Cures All Human Diseases and Reverses Aging,Mainstream doctors are furious after a secret miracle remedy was leaked online. Drinking saltwater mixed with magical crystals allegedly destroys all known viruses in twelve hours without medicine.,News,"September 27, 2026"
HIDDEN REMEDY: Putting Sliced Onions in Socks Sucks Out All Cancerous Toxins Overnight,"Viral social media posts claim placing red onions against your feet purges all bodily poisons, reverses diabetes, and restores 20/20 vision in three days without doctors.",News,"September 26, 2026"
MIRACLE ALERT: Eating Raw Gold Flakes Allows Humans to Live for 500 Years Without Sleep,Forbidden alchemical manuscripts recovered from ancient catacombs reveal that consuming pure elemental gold dust transforms human DNA into immortal crystalline structures immune to fatigue.,News,"September 25, 2026"
DOCTORS FURIOUS: Rubbing Lemon Juice on Your Smartphone Doubles Battery Life in 5 Seconds,Tech companies are trying to censor this viral hack! Applying freshly squeezed citrus juice onto phone charging ports activates hidden ionic quantum conductors for infinite battery life.,News,"September 24, 2026"
MIRACLE DISCOVERY: Drinking Boiled Tree Bark Replaces All Need for Food and Water Forever,"Alternative medicine gurus claim boiling sacred forest bark produces a supernatural elixir that nourishes human bodies solely through sunlight, ending all hunger permanently.",News,"September 23, 2026"
LEAKED PROOF: Secret Society Replaces All World Leaders With Robotic Synthetic Clones,Viral leaked memos from anonymous underground military insiders prove that world politicians and Hollywood celebrities have been replaced with advanced synthetic androids controlled via mind control satellites.,Government,"September 22, 2026"
BOMBSHELL: 5G Cell Towers Cause Spontaneous Levitation and Telepathy in Domestic Cats,"Shocking viral video footage circulating across social media shows household pets floating in mid-air near telecommunication towers, confirming secret government telepathic radiation testing.",conspiracy,"September 21, 2026"
GOVERNMENT EXPOSED: Microchips Found Hidden Inside Ordinary Bananas at Supermarkets,"Panicked shoppers reported finding nano-tracking devices implanted beneath banana peels, allegedly planted by shadow intelligence agencies to monitor citizen groceries.",conspiracy,"September 20, 2026"
SHOCKING SECRET: Ancient Alien Spacecraft Unearthed Under Antarctic Ice Sheet Exposed,Whistleblower reports confirm a massive extraterrestrial flying saucer was dug up beneath miles of glacial ice emitting mysterious telepathic radio signals to outer space.,News,"September 19, 2026"
UNBELIEVABLE: NASA Staged the Solar Eclipse Using Giant Space Mirrors to Hide Planet X,"Astrology insiders blow the lid on NASA's planetary cover-up, claiming orbital mega-reflectors were deployed in low orbit to simulate an eclipse and hide a rogue wandering planet.",conspiracy,"September 18, 2026"
SCANDAL: Secret World Government Bans Oxygen Breathing to Impose Planetary Carbon Taxes,Outrageous leaked documents prove bureaucrats are plotting to install mandatory personal respiration meters on every citizen to tax each breath of air as an environmental penalty.,politics,"September 17, 2026"
ALIENS IN NY: Secret Pyramid Base Built Underneath New York City Subway Unearthed,Mysterious glowing portal discovered by construction workers covered up by deep state military agents to hide extraterrestrial reptilian beings.,conspiracy,"September 16, 2026"
TIME TRAVELER FROM 2085: Mysterious Man Arrives Warning of Imminent Zombie Invasion,A man claiming to have traveled backward through time presented futuristic holographic gadgets and warned that a rogue lab experiment will unleash walking dead zombies next week.,News,"September 15, 2026"
HOLIDAY HOAX: Secret Law Passed Banning All Banks and Giving Every Citizen Million Dollars,Leaked presidential decree orders the treasury to print infinite money for everyone while completely abolishing taxes and banks overnight.,politics,"September 14, 2026"
HOLLOW EARTH PROVEN: Pacific Ocean Whirlpool Leads to Secret Prehistoric Jungle World,Secret naval sonar soundings allegedly discovered a massive whirlpool entrance leading to a subterranean hollow Earth realm inhabited by living dinosaurs.,conspiracy,"September 13, 2026"
WI-FI SPYING: Home Internet Routers Broadcast Ultrasonic Frequencies to Record Dreams,An anonymous hacker claims home internet routers contain hidden telepathic microphones that record household dreams and upload the data directly to shadow databases.,conspiracy,"September 12, 2026"
MAGIC TALISMAN: Leaked Tape Shows Officials Trading State Secrets for Good Luck Charms,A shocking audio recording exposes top bureaucrats consulting psychic astrologers and trading government classified dossiers for ancient enchanted good-luck talismans.,politics,"September 11, 2026"
WEATHER HOAX: Clouds Are Manufactured in Secret Underground Smoke Factories,Viral whistleblower videos claim weather systems and rain clouds are not natural but generated by massive smoke machines hidden beneath mountain ranges to control human mood.,conspiracy,"September 10, 2026"
INTERNET CRACKDOWN: Secret Treaty Makes It Illegal to Post Negative Reviews Online,Unverified blog posts claim global politicians signed a clandestine treaty imposing twenty-year prison sentences for anyone posting negative reviews or critical comments on social media.,politics,"September 09, 2026"
DRINKING BLEACH MIRACLE: Anonymous Online Healer Claims Bleach Destroys All Toxins,"Social media influencers urge followers to drink household bleach to purge viral toxins instantly, claiming medical doctors are hiding this easy miracle.",News,"September 08, 2026"
SUPERMARKET SCAM: Fast Food Chains Replaced Beef With 3D Printed Cardboard Paste,Anonymous whistleblowers claim popular burger chains stopped buying farm meat and now feed customers flavored cardboard cellulose paste generated by 3D printers.,News,"September 07, 2026"
SHOCKING: Eating Raw Garlic Cures Stage 4 Cancer in Two Days Doctors Stunned,Big Pharma does not want you to know this simple secret cure! An anonymous online doctor revealed that eating crushed raw garlic combined with salt instantly destroys all cancer tumors overnight.,News,"September 28, 2026"
BREAKING: Drinking 5 Gallons of Saltwater Cures All Human Diseases and Reverses Aging,Mainstream doctors are furious after a secret miracle remedy was leaked online. Drinking saltwater mixed with magical crystals allegedly destroys all known viruses in twelve hours without medicine.,News,"September 27, 2026"
HIDDEN REMEDY: Putting Sliced Onions in Socks Sucks Out All Cancerous Toxins Overnight,"Viral social media posts claim placing red onions against your feet purges all bodily poisons, reverses diabetes, and restores 20/20 vision in three days without doctors.",News,"September 26, 2026"
MIRACLE ALERT: Eating Raw Gold Flakes Allows Humans to Live for 500 Years Without Sleep,Forbidden alchemical manuscripts recovered from ancient catacombs reveal that consuming pure elemental gold dust transforms human DNA into immortal crystalline structures immune to fatigue.,News,"September 25, 2026"
DOCTORS FURIOUS: Rubbing Lemon Juice on Your Smartphone Doubles Battery Life in 5 Seconds,Tech companies are trying to censor this viral hack! Applying freshly squeezed citrus juice onto phone charging ports activates hidden ionic quantum conductors for infinite battery life.,News,"September 24, 2026"
MIRACLE DISCOVERY: Drinking Boiled Tree Bark Replaces All Need for Food and Water Forever,"Alternative medicine gurus claim boiling sacred forest bark produces a supernatural elixir that nourishes human bodies solely through sunlight, ending all hunger permanently.",News,"September 23, 2026"
LEAKED PROOF: Secret Society Replaces All World Leaders With Robotic Synthetic Clones,Viral leaked memos from anonymous underground military insiders prove that world politicians and Hollywood celebrities have been replaced with advanced synthetic androids controlled via mind control satellites.,Government,"September 22, 2026"
BOMBSHELL: 5G Cell Towers Cause Spontaneous Levitation and Telepathy in Domestic Cats,"Shocking viral video footage circulating across social media shows household pets floating in mid-air near telecommunication towers, confirming secret government telepathic radiation testing.",conspiracy,"September 21, 2026"
GOVERNMENT EXPOSED: Microchips Found Hidden Inside Ordinary Bananas at Supermarkets,"Panicked shoppers reported finding nano-tracking devices implanted beneath banana peels, allegedly planted by shadow intelligence agencies to monitor citizen groceries.",conspiracy,"September 20, 2026"
SHOCKING SECRET: Ancient Alien Spacecraft Unearthed Under Antarctic Ice Sheet Exposed,Whistleblower reports confirm a massive extraterrestrial flying saucer was dug up beneath miles of glacial ice emitting mysterious telepathic radio signals to outer space.,News,"September 19, 2026"
UNBELIEVABLE: NASA Staged the Solar Eclipse Using Giant Space Mirrors to Hide Planet X,"Astrology insiders blow the lid on NASA's planetary cover-up, claiming orbital mega-reflectors were deployed in low orbit to simulate an eclipse and hide a rogue wandering planet.",conspiracy,"September 18, 2026"
SCANDAL: Secret World Government Bans Oxygen Breathing to Impose Planetary Carbon Taxes,Outrageous leaked documents prove bureaucrats are plotting to install mandatory personal respiration meters on every citizen to tax each breath of air as an environmental penalty.,politics,"September 17, 2026"
ALIENS IN NY: Secret Pyramid Base Built Underneath New York City Subway Unearthed,Mysterious glowing portal discovered by construction workers covered up by deep state military agents to hide extraterrestrial reptilian beings.,conspiracy,"September 16, 2026"
TIME TRAVELER FROM 2085: Mysterious Man Arrives Warning of Imminent Zombie Invasion,A man claiming to have traveled backward through time presented futuristic holographic gadgets and warned that a rogue lab experiment will unleash walking dead zombies next week.,News,"September 15, 2026"
HOLIDAY HOAX: Secret Law Passed Banning All Banks and Giving Every Citizen Million Dollars,Leaked presidential decree orders the treasury to print infinite money for everyone while completely abolishing taxes and banks overnight.,politics,"September 14, 2026"
HOLLOW EARTH PROVEN: Pacific Ocean Whirlpool Leads to Secret Prehistoric Jungle World,Secret naval sonar soundings allegedly discovered a massive whirlpool entrance leading to a subterranean hollow Earth realm inhabited by living dinosaurs.,conspiracy,"September 13, 2026"
WI-FI SPYING: Home Internet Routers Broadcast Ultrasonic Frequencies to Record Dreams,An anonymous hacker claims home internet routers contain hidden telepathic microphones that record household dreams and upload the data directly to shadow databases.,conspiracy,"September 12, 2026"
MAGIC TALISMAN: Leaked Tape Shows Officials Trading State Secrets for Good Luck Charms,A shocking audio recording exposes top bureaucrats consulting psychic astrologers and trading government classified dossiers for ancient enchanted good-luck talismans.,politics,"September 11, 2026"
WEATHER HOAX: Clouds Are Manufactured in Secret Underground Smoke Factories,Viral whistleblower videos claim weather systems and rain clouds are not natural but generated by massive smoke machines hidden beneath mountain ranges to control human mood.,conspiracy,"September 10, 2026"
INTERNET CRACKDOWN: Secret Treaty Makes It Illegal to Post Negative Reviews Online,Unverified blog posts claim global politicians signed a clandestine treaty imposing twenty-year prison sentences for anyone posting negative reviews or critical comments on social media.,politics,"September 09, 2026"
DRINKING BLEACH MIRACLE: Anonymous Online Healer Claims Bleach Destroys All Toxins,"Social media influencers urge followers to drink household bleach to purge viral toxins instantly, claiming medical doctors are hiding this easy miracle.",News,"September 08, 2026"
SUPERMARKET SCAM: Fast Food Chains Replaced Beef With 3D Printed Cardboard Paste,Anonymous whistleblowers claim popular burger chains stopped buying farm meat and now feed customers flavored cardboard cellulose paste generated by 3D printers.,News,"September 07, 2026"
SHOCKING: Eating Raw Garlic Cures Stage 4 Cancer in Two Days Doctors Stunned,Big Pharma does not want you to know this simple secret cure! An anonymous online doctor revealed that eating crushed raw garlic combined with salt instantly destroys all cancer tumors overnight.,News,"September 28, 2026"
BREAKING: Drinking 5 Gallons of Saltwater Cures All Human Diseases and Reverses Aging,Mainstream doctors are furious after a secret miracle remedy was leaked online. Drinking saltwater mixed with magical crystals allegedly destroys all known viruses in twelve hours without medicine.,News,"September 27, 2026"
HIDDEN REMEDY: Putting Sliced Onions in Socks Sucks Out All Cancerous Toxins Overnight,"Viral social media posts claim placing red onions against your feet purges all bodily poisons, reverses diabetes, and restores 20/20 vision in three days without doctors.",News,"September 26, 2026"
MIRACLE ALERT: Eating Raw Gold Flakes Allows Humans to Live for 500 Years Without Sleep,Forbidden alchemical manuscripts recovered from ancient catacombs reveal that consuming pure elemental gold dust transforms human DNA into immortal crystalline structures immune to fatigue.,News,"September 25, 2026"
DOCTORS FURIOUS: Rubbing Lemon Juice on Your Smartphone Doubles Battery Life in 5 Seconds,Tech companies are trying to censor this viral hack! Applying freshly squeezed citrus juice onto phone charging ports activates hidden ionic quantum conductors for infinite battery life.,News,"September 24, 2026"
MIRACLE DISCOVERY: Drinking Boiled Tree Bark Replaces All Need for Food and Water Forever,"Alternative medicine gurus claim boiling sacred forest bark produces a supernatural elixir that nourishes human bodies solely through sunlight, ending all hunger permanently.",News,"September 23, 2026"
LEAKED PROOF: Secret Society Replaces All World Leaders With Robotic Synthetic Clones,Viral leaked memos from anonymous underground military insiders prove that world politicians and Hollywood celebrities have been replaced with advanced synthetic androids controlled via mind control satellites.,Government,"September 22, 2026"
BOMBSHELL: 5G Cell Towers Cause Spontaneous Levitation and Telepathy in Domestic Cats,"Shocking viral video footage circulating across social media shows household pets floating in mid-air near telecommunication towers, confirming secret government telepathic radiation testing.",conspiracy,"September 21, 2026"
GOVERNMENT EXPOSED: Microchips Found Hidden Inside Ordinary Bananas at Supermarkets,"Panicked shoppers reported finding nano-tracking devices implanted beneath banana peels, allegedly planted by shadow intelligence agencies to monitor citizen groceries.",conspiracy,"September 20, 2026"
SHOCKING SECRET: Ancient Alien Spacecraft Unearthed Under Antarctic Ice Sheet Exposed,Whistleblower reports confirm a massive extraterrestrial flying saucer was dug up beneath miles of glacial ice emitting mysterious telepathic radio signals to outer space.,News,"September 19, 2026"
UNBELIEVABLE: NASA Staged the Solar Eclipse Using Giant Space Mirrors to Hide Planet X,"Astrology insiders blow the lid on NASA's planetary cover-up, claiming orbital mega-reflectors were deployed in low orbit to simulate an eclipse and hide a rogue wandering planet.",conspiracy,"September 18, 2026"
SCANDAL: Secret World Government Bans Oxygen Breathing to Impose Planetary Carbon Taxes,Outrageous leaked documents prove bureaucrats are plotting to install mandatory personal respiration meters on every citizen to tax each breath of air as an environmental penalty.,politics,"September 17, 2026"
ALIENS IN NY: Secret Pyramid Base Built Underneath New York City Subway Unearthed,Mysterious glowing portal discovered by construction workers covered up by deep state military agents to hide extraterrestrial reptilian beings.,conspiracy,"September 16, 2026"
TIME TRAVELER FROM 2085: Mysterious Man Arrives Warning of Imminent Zombie Invasion,A man claiming to have traveled backward through time presented futuristic holographic gadgets and warned that a rogue lab experiment will unleash walking dead zombies next week.,News,"September 15, 2026"
HOLIDAY HOAX: Secret Law Passed Banning All Banks and Giving Every Citizen Million Dollars,Leaked presidential decree orders the treasury to print infinite money for everyone while completely abolishing taxes and banks overnight.,politics,"September 14, 2026"
HOLLOW EARTH PROVEN: Pacific Ocean Whirlpool Leads to Secret Prehistoric Jungle World,Secret naval sonar soundings allegedly discovered a massive whirlpool entrance leading to a subterranean hollow Earth realm inhabited by living dinosaurs.,conspiracy,"September 13, 2026"
WI-FI SPYING: Home Internet Routers Broadcast Ultrasonic Frequencies to Record Dreams,An anonymous hacker claims home internet routers contain hidden telepathic microphones that record household dreams and upload the data directly to shadow databases.,conspiracy,"September 12, 2026"
MAGIC TALISMAN: Leaked Tape Shows Officials Trading State Secrets for Good Luck Charms,A shocking audio recording exposes top bureaucrats consulting psychic astrologers and trading government classified dossiers for ancient enchanted good-luck talismans.,politics,"September 11, 2026"
WEATHER HOAX: Clouds Are Manufactured in Secret Underground Smoke Factories,Viral whistleblower videos claim weather systems and rain clouds are not natural but generated by massive smoke machines hidden beneath mountain ranges to control human mood.,conspiracy,"September 10, 2026"
INTERNET CRACKDOWN: Secret Treaty Makes It Illegal to Post Negative Reviews Online,Unverified blog posts claim global politicians signed a clandestine treaty imposing twenty-year prison sentences for anyone posting negative reviews or critical comments on social media.,politics,"September 09, 2026"
DRINKING BLEACH MIRACLE: Anonymous Online Healer Claims Bleach Destroys All Toxins,"Social media influencers urge followers to drink household bleach to purge viral toxins instantly, claiming medical doctors are hiding this easy miracle.",News,"September 08, 2026"
SUPERMARKET SCAM: Fast Food Chains Replaced Beef With 3D Printed Cardboard Paste,Anonymous whistleblowers claim popular burger chains stopped buying farm meat and now feed customers flavored cardboard cellulose paste generated by 3D printers.,News,"September 07, 2026"
SHOCKING: Eating Raw Garlic Cures Stage 4 Cancer in Two Days Doctors Stunned,Big Pharma does not want you to know this simple secret cure! An anonymous online doctor revealed that eating crushed raw garlic combined with salt instantly destroys all cancer tumors overnight.,News,"September 28, 2026"
BREAKING: Drinking 5 Gallons of Saltwater Cures All Human Diseases and Reverses Aging,Mainstream doctors are furious after a secret miracle remedy was leaked online. Drinking saltwater mixed with magical crystals allegedly destroys all known viruses in twelve hours without medicine.,News,"September 27, 2026"
HIDDEN REMEDY: Putting Sliced Onions in Socks Sucks Out All Cancerous Toxins Overnight,"Viral social media posts claim placing red onions against your feet purges all bodily poisons, reverses diabetes, and restores 20/20 vision in three days without doctors.",News,"September 26, 2026"
MIRACLE ALERT: Eating Raw Gold Flakes Allows Humans to Live for 500 Years Without Sleep,Forbidden alchemical manuscripts recovered from ancient catacombs reveal that consuming pure elemental gold dust transforms human DNA into immortal crystalline structures immune to fatigue.,News,"September 25, 2026"
DOCTORS FURIOUS: Rubbing Lemon Juice on Your Smartphone Doubles Battery Life in 5 Seconds,Tech companies are trying to censor this viral hack! Applying freshly squeezed citrus juice onto phone charging ports activates hidden ionic quantum conductors for infinite battery life.,News,"September 24, 2026"
MIRACLE DISCOVERY: Drinking Boiled Tree Bark Replaces All Need for Food and Water Forever,"Alternative medicine gurus claim boiling sacred forest bark produces a supernatural elixir that nourishes human bodies solely through sunlight, ending all hunger permanently.",News,"September 23, 2026"
LEAKED PROOF: Secret Society Replaces All World Leaders With Robotic Synthetic Clones,Viral leaked memos from anonymous underground military insiders prove that world politicians and Hollywood celebrities have been replaced with advanced synthetic androids controlled via mind control satellites.,Government,"September 22, 2026"
BOMBSHELL: 5G Cell Towers Cause Spontaneous Levitation and Telepathy in Domestic Cats,"Shocking viral video footage circulating across social media shows household pets floating in mid-air near telecommunication towers, confirming secret government telepathic radiation testing.",conspiracy,"September 21, 2026"
GOVERNMENT EXPOSED: Microchips Found Hidden Inside Ordinary Bananas at Supermarkets,"Panicked shoppers reported finding nano-tracking devices implanted beneath banana peels, allegedly planted by shadow intelligence agencies to monitor citizen groceries.",conspiracy,"September 20, 2026"
SHOCKING SECRET: Ancient Alien Spacecraft Unearthed Under Antarctic Ice Sheet Exposed,Whistleblower reports confirm a massive extraterrestrial flying saucer was dug up beneath miles of glacial ice emitting mysterious telepathic radio signals to outer space.,News,"September 19, 2026"
UNBELIEVABLE: NASA Staged the Solar Eclipse Using Giant Space Mirrors to Hide Planet X,"Astrology insiders blow the lid on NASA's planetary cover-up, claiming orbital mega-reflectors were deployed in low orbit to simulate an eclipse and hide a rogue wandering planet.",conspiracy,"September 18, 2026"
SCANDAL: Secret World Government Bans Oxygen Breathing to Impose Planetary Carbon Taxes,Outrageous leaked documents prove bureaucrats are plotting to install mandatory personal respiration meters on every citizen to tax each breath of air as an environmental penalty.,politics,"September 17, 2026"
ALIENS IN NY: Secret Pyramid Base Built Underneath New York City Subway Unearthed,Mysterious glowing portal discovered by construction workers covered up by deep state military agents to hide extraterrestrial reptilian beings.,conspiracy,"September 16, 2026"
TIME TRAVELER FROM 2085: Mysterious Man Arrives Warning of Imminent Zombie Invasion,A man claiming to have traveled backward through time presented futuristic holographic gadgets and warned that a rogue lab experiment will unleash walking dead zombies next week.,News,"September 15, 2026"
HOLIDAY HOAX: Secret Law Passed Banning All Banks and Giving Every Citizen Million Dollars,Leaked presidential decree orders the treasury to print infinite money for everyone while completely abolishing taxes and banks overnight.,politics,"September 14, 2026"
HOLLOW EARTH PROVEN: Pacific Ocean Whirlpool Leads to Secret Prehistoric Jungle World,Secret naval sonar soundings allegedly discovered a massive whirlpool entrance leading to a subterranean hollow Earth realm inhabited by living dinosaurs.,conspiracy,"September 13, 2026"
WI-FI SPYING: Home Internet Routers Broadcast Ultrasonic Frequencies to Record Dreams,An anonymous hacker claims home internet routers contain hidden telepathic microphones that record household dreams and upload the data directly to shadow databases.,conspiracy,"September 12, 2026"
MAGIC TALISMAN: Leaked Tape Shows Officials Trading State Secrets for Good Luck Charms,A shocking audio recording exposes top bureaucrats consulting psychic astrologers and trading government classified dossiers for ancient enchanted good-luck talismans.,politics,"September 11, 2026"
WEATHER HOAX: Clouds Are Manufactured in Secret Underground Smoke Factories,Viral whistleblower videos claim weather systems and rain clouds are not natural but generated by massive smoke machines hidden beneath mountain ranges to control human mood.,conspiracy,"September 10, 2026"
INTERNET CRACKDOWN: Secret Treaty Makes It Illegal to Post Negative Reviews Online,Unverified blog posts claim global politicians signed a clandestine treaty imposing twenty-year prison sentences for anyone posting negative reviews or critical comments on social media.,politics,"September 09, 2026"
DRINKING BLEACH MIRACLE: Anonymous Online Healer Claims Bleach Destroys All Toxins,"Social media influencers urge followers to drink household bleach to purge viral toxins instantly, claiming medical doctors are hiding this easy miracle.",News,"September 08, 2026"
SUPERMARKET SCAM: Fast Food Chains Replaced Beef With 3D Printed Cardboard Paste,Anonymous whistleblowers claim popular burger chains stopped buying farm meat and now feed customers flavored cardboard cellulose paste generated by 3D printers.,News,"September 07, 2026"
SHOCKING: Eating Raw Garlic Cures Stage 4 Cancer in Two Days Doctors Stunned,Big Pharma does not want you to know this simple secret cure! An anonymous online doctor revealed that eating crushed raw garlic combined with salt instantly destroys all cancer tumors overnight.,News,"September 28, 2026"
BREAKING: Drinking 5 Gallons of Saltwater Cures All Human Diseases and Reverses Aging,Mainstream doctors are furious after a secret miracle remedy was leaked online. Drinking saltwater mixed with magical crystals allegedly destroys all known viruses in twelve hours without medicine.,News,"September 27, 2026"
HIDDEN REMEDY: Putting Sliced Onions in Socks Sucks Out All Cancerous Toxins Overnight,"Viral social media posts claim placing red onions against your feet purges all bodily poisons, reverses diabetes, and restores 20/20 vision in three days without doctors.",News,"September 26, 2026"
MIRACLE ALERT: Eating Raw Gold Flakes Allows Humans to Live for 500 Years Without Sleep,Forbidden alchemical manuscripts recovered from ancient catacombs reveal that consuming pure elemental gold dust transforms human DNA into immortal crystalline structures immune to fatigue.,News,"September 25, 2026"
DOCTORS FURIOUS: Rubbing Lemon Juice on Your Smartphone Doubles Battery Life in 5 Seconds,Tech companies are trying to censor this viral hack! Applying freshly squeezed citrus juice onto phone charging ports activates hidden ionic quantum conductors for infinite battery life.,News,"September 24, 2026"
MIRACLE DISCOVERY: Drinking Boiled Tree Bark Replaces All Need for Food and Water Forever,"Alternative medicine gurus claim boiling sacred forest bark produces a supernatural elixir that nourishes human bodies solely through sunlight, ending all hunger permanently.",News,"September 23, 2026"
LEAKED PROOF: Secret Society Replaces All World Leaders With Robotic Synthetic Clones,Viral leaked memos from anonymous underground military insiders prove that world politicians and Hollywood celebrities have been replaced with advanced synthetic androids controlled via mind control satellites.,Government,"September 22, 2026"
BOMBSHELL: 5G Cell Towers Cause Spontaneous Levitation and Telepathy in Domestic Cats,"Shocking viral video footage circulating across social media shows household pets floating in mid-air near telecommunication towers, confirming secret government telepathic radiation testing.",conspiracy,"September 21, 2026"
GOVERNMENT EXPOSED: Microchips Found Hidden Inside Ordinary Bananas at Supermarkets,"Panicked shoppers reported finding nano-tracking devices implanted beneath banana peels, allegedly planted by shadow intelligence agencies to monitor citizen groceries.",conspiracy,"September 20, 2026"
SHOCKING SECRET: Ancient Alien Spacecraft Unearthed Under Antarctic Ice Sheet Exposed,Whistleblower reports confirm a massive extraterrestrial flying saucer was dug up beneath miles of glacial ice emitting mysterious telepathic radio signals to outer space.,News,"September 19, 2026"
UNBELIEVABLE: NASA Staged the Solar Eclipse Using Giant Space Mirrors to Hide Planet X,"Astrology insiders blow the lid on NASA's planetary cover-up, claiming orbital mega-reflectors were deployed in low orbit to simulate an eclipse and hide a rogue wandering planet.",conspiracy,"September 18, 2026"
SCANDAL: Secret World Government Bans Oxygen Breathing to Impose Planetary Carbon Taxes,Outrageous leaked documents prove bureaucrats are plotting to install mandatory personal respiration meters on every citizen to tax each breath of air as an environmental penalty.,politics,"September 17, 2026"
ALIENS IN NY: Secret Pyramid Base Built Underneath New York City Subway Unearthed,Mysterious glowing portal discovered by construction workers covered up by deep state military agents to hide extraterrestrial reptilian beings.,conspiracy,"September 16, 2026"
TIME TRAVELER FROM 2085: Mysterious Man Arrives Warning of Imminent Zombie Invasion,A man claiming to have traveled backward through time presented futuristic holographic gadgets and warned that a rogue lab experiment will unleash walking dead zombies next week.,News,"September 15, 2026"
HOLIDAY HOAX: Secret Law Passed Banning All Banks and Giving Every Citizen Million Dollars,Leaked presidential decree orders the treasury to print infinite money for everyone while completely abolishing taxes and banks overnight.,politics,"September 14, 2026"
HOLLOW EARTH PROVEN: Pacific Ocean Whirlpool Leads to Secret Prehistoric Jungle World,Secret naval sonar soundings allegedly discovered a massive whirlpool entrance leading to a subterranean hollow Earth realm inhabited by living dinosaurs.,conspiracy,"September 13, 2026"
WI-FI SPYING: Home Internet Routers Broadcast Ultrasonic Frequencies to Record Dreams,An anonymous hacker claims home internet routers contain hidden telepathic microphones that record household dreams and upload the data directly to shadow databases.,conspiracy,"September 12, 2026"
MAGIC TALISMAN: Leaked Tape Shows Officials Trading State Secrets for Good Luck Charms,A shocking audio recording exposes top bureaucrats consulting psychic astrologers and trading government classified dossiers for ancient enchanted good-luck talismans.,politics,"September 11, 2026"
WEATHER HOAX: Clouds Are Manufactured in Secret Underground Smoke Factories,Viral whistleblower videos claim weather systems and rain clouds are not natural but generated by massive smoke machines hidden beneath mountain ranges to control human mood.,conspiracy,"September 10, 2026"
INTERNET CRACKDOWN: Secret Treaty Makes It Illegal to Post Negative Reviews Online,Unverified blog posts claim global politicians signed a clandestine treaty imposing twenty-year prison sentences for anyone posting negative reviews or critical comments on social media.,politics,"September 09, 2026"
DRINKING BLEACH MIRACLE: Anonymous Online Healer Claims Bleach Destroys All Toxins,"Social media influencers urge followers to drink household bleach to purge viral toxins instantly, claiming medical doctors are hiding this easy miracle.",News,"September 08, 2026"
SUPERMARKET SCAM: Fast Food Chains Replaced Beef With 3D Printed Cardboard Paste,Anonymous whistleblowers claim popular burger chains stopped buying farm meat and now feed customers flavored cardboard cellulose paste generated by 3D printers.,News,"September 07, 2026"
SHOCKING: Eating Raw Garlic Cures Stage 4 Cancer in Two Days Doctors Stunned,Big Pharma does not want you to know this simple secret cure! An anonymous online doctor revealed that eating crushed raw garlic combined with salt instantly destroys all cancer tumors overnight.,News,"September 28, 2026"
BREAKING: Drinking 5 Gallons of Saltwater Cures All Human Diseases and Reverses Aging,Mainstream doctors are furious after a secret miracle remedy was leaked online. Drinking saltwater mixed with magical crystals allegedly destroys all known viruses in twelve hours without medicine.,News,"September 27, 2026"
HIDDEN REMEDY: Putting Sliced Onions in Socks Sucks Out All Cancerous Toxins Overnight,"Viral social media posts claim placing red onions against your feet purges all bodily poisons, reverses diabetes, and restores 20/20 vision in three days without doctors.",News,"September 26, 2026"
MIRACLE ALERT: Eating Raw Gold Flakes Allows Humans to Live for 500 Years Without Sleep,Forbidden alchemical manuscripts recovered from ancient catacombs reveal that consuming pure elemental gold dust transforms human DNA into immortal crystalline structures immune to fatigue.,News,"September 25, 2026"
DOCTORS FURIOUS: Rubbing Lemon Juice on Your Smartphone Doubles Battery Life in 5 Seconds,Tech companies are trying to censor this viral hack! Applying freshly squeezed citrus juice onto phone charging ports activates hidden ionic quantum conductors for infinite battery life.,News,"September 24, 2026"
MIRACLE DISCOVERY: Drinking Boiled Tree Bark Replaces All Need for Food and Water Forever,"Alternative medicine gurus claim boiling sacred forest bark produces a supernatural elixir that nourishes human bodies solely through sunlight, ending all hunger permanently.",News,"September 23, 2026"
LEAKED PROOF: Secret Society Replaces All World Leaders With Robotic Synthetic Clones,Viral leaked memos from anonymous underground military insiders prove that world politicians and Hollywood celebrities have been replaced with advanced synthetic androids controlled via mind control satellites.,Government,"September 22, 2026"
BOMBSHELL: 5G Cell Towers Cause Spontaneous Levitation and Telepathy in Domestic Cats,"Shocking viral video footage circulating across social media shows household pets floating in mid-air near telecommunication towers, confirming secret government telepathic radiation testing.",conspiracy,"September 21, 2026"
GOVERNMENT EXPOSED: Microchips Found Hidden Inside Ordinary Bananas at Supermarkets,"Panicked shoppers reported finding nano-tracking devices implanted beneath banana peels, allegedly planted by shadow intelligence agencies to monitor citizen groceries.",conspiracy,"September 20, 2026"
SHOCKING SECRET: Ancient Alien Spacecraft Unearthed Under Antarctic Ice Sheet Exposed,Whistleblower reports confirm a massive extraterrestrial flying saucer was dug up beneath miles of glacial ice emitting mysterious telepathic radio signals to outer space.,News,"September 19, 2026"
UNBELIEVABLE: NASA Staged the Solar Eclipse Using Giant Space Mirrors to Hide Planet X,"Astrology insiders blow the lid on NASA's planetary cover-up, claiming orbital mega-reflectors were deployed in low orbit to simulate an eclipse and hide a rogue wandering planet.",conspiracy,"September 18, 2026"
SCANDAL: Secret World Government Bans Oxygen Breathing to Impose Planetary Carbon Taxes,Outrageous leaked documents prove bureaucrats are plotting to install mandatory personal respiration meters on every citizen to tax each breath of air as an environmental penalty.,politics,"September 17, 2026"
ALIENS IN NY: Secret Pyramid Base Built Underneath New York City Subway Unearthed,Mysterious glowing portal discovered by construction workers covered up by deep state military agents to hide extraterrestrial reptilian beings.,conspiracy,"September 16, 2026"
TIME TRAVELER FROM 2085: Mysterious Man Arrives Warning of Imminent Zombie Invasion,A man claiming to have traveled backward through time presented futuristic holographic gadgets and warned that a rogue lab experiment will unleash walking dead zombies next week.,News,"September 15, 2026"
HOLIDAY HOAX: Secret Law Passed Banning All Banks and Giving Every Citizen Million Dollars,Leaked presidential decree orders the treasury to print infinite money for everyone while completely abolishing taxes and banks overnight.,politics,"September 14, 2026"
HOLLOW EARTH PROVEN: Pacific Ocean Whirlpool Leads to Secret Prehistoric Jungle World,Secret naval sonar soundings allegedly discovered a massive whirlpool entrance leading to a subterranean hollow Earth realm inhabited by living dinosaurs.,conspiracy,"September 13, 2026"
WI-FI SPYING: Home Internet Routers Broadcast Ultrasonic Frequencies to Record Dreams,An anonymous hacker claims home internet routers contain hidden telepathic microphones that record household dreams and upload the data directly to shadow databases.,conspiracy,"September 12, 2026"
MAGIC TALISMAN: Leaked Tape Shows Officials Trading State Secrets for Good Luck Charms,A shocking audio recording exposes top bureaucrats consulting psychic astrologers and trading government classified dossiers for ancient enchanted good-luck talismans.,politics,"September 11, 2026"
WEATHER HOAX: Clouds Are Manufactured in Secret Underground Smoke Factories,Viral whistleblower videos claim weather systems and rain clouds are not natural but generated by massive smoke machines hidden beneath mountain ranges to control human mood.,conspiracy,"September 10, 2026"
INTERNET CRACKDOWN: Secret Treaty Makes It Illegal to Post Negative Reviews Online,Unverified blog posts claim global politicians signed a clandestine treaty imposing twenty-year prison sentences for anyone posting negative reviews or critical comments on social media.,politics,"September 09, 2026"
DRINKING BLEACH MIRACLE: Anonymous Online Healer Claims Bleach Destroys All Toxins,"Social media influencers urge followers to drink household bleach to purge viral toxins instantly, claiming medical doctors are hiding this easy miracle.",News,"September 08, 2026"
SUPERMARKET SCAM: Fast Food Chains Replaced Beef With 3D Printed Cardboard Paste,Anonymous whistleblowers claim popular burger chains stopped buying farm meat and now feed customers flavored cardboard cellulose paste generated by 3D printers.,News,"September 07, 2026"
SHOCKING: Eating Raw Garlic Cures Stage 4 Cancer in Two Days Doctors Stunned,Big Pharma does not want you to know this simple secret cure! An anonymous online doctor revealed that eating crushed raw garlic combined with salt instantly destroys all cancer tumors overnight.,News,"September 28, 2026"
BREAKING: Drinking 5 Gallons of Saltwater Cures All Human Diseases and Reverses Aging,Mainstream doctors are furious after a secret miracle remedy was leaked online. Drinking saltwater mixed with magical crystals allegedly destroys all known viruses in twelve hours without medicine.,News,"September 27, 2026"
HIDDEN REMEDY: Putting Sliced Onions in Socks Sucks Out All Cancerous Toxins Overnight,"Viral social media posts claim placing red onions against your feet purges all bodily poisons, reverses diabetes, and restores 20/20 vision in three days without doctors.",News,"September 26, 2026"
MIRACLE ALERT: Eating Raw Gold Flakes Allows Humans to Live for 500 Years Without Sleep,Forbidden alchemical manuscripts recovered from ancient catacombs reveal that consuming pure elemental gold dust transforms human DNA into immortal crystalline structures immune to fatigue.,News,"September 25, 2026"
DOCTORS FURIOUS: Rubbing Lemon Juice on Your Smartphone Doubles Battery Life in 5 Seconds,Tech companies are trying to censor this viral hack! Applying freshly squeezed citrus juice onto phone charging ports activates hidden ionic quantum conductors for infinite battery life.,News,"September 24, 2026"
MIRACLE DISCOVERY: Drinking Boiled Tree Bark Replaces All Need for Food and Water Forever,"Alternative medicine gurus claim boiling sacred forest bark produces a supernatural elixir that nourishes human bodies solely through sunlight, ending all hunger permanently.",News,"September 23, 2026"
LEAKED PROOF: Secret Society Replaces All World Leaders With Robotic Synthetic Clones,Viral leaked memos from anonymous underground military insiders prove that world politicians and Hollywood celebrities have been replaced with advanced synthetic androids controlled via mind control satellites.,Government,"September 22, 2026"
BOMBSHELL: 5G Cell Towers Cause Spontaneous Levitation and Telepathy in Domestic Cats,"Shocking viral video footage circulating across social media shows household pets floating in mid-air near telecommunication towers, confirming secret government telepathic radiation testing.",conspiracy,"September 21, 2026"
GOVERNMENT EXPOSED: Microchips Found Hidden Inside Ordinary Bananas at Supermarkets,"Panicked shoppers reported finding nano-tracking devices implanted beneath banana peels, allegedly planted by shadow intelligence agencies to monitor citizen groceries.",conspiracy,"September 20, 2026"
SHOCKING SECRET: Ancient Alien Spacecraft Unearthed Under Antarctic Ice Sheet Exposed,Whistleblower reports confirm a massive extraterrestrial flying saucer was dug up beneath miles of glacial ice emitting mysterious telepathic radio signals to outer space.,News,"September 19, 2026"
UNBELIEVABLE: NASA Staged the Solar Eclipse Using Giant Space Mirrors to Hide Planet X,"Astrology insiders blow the lid on NASA's planetary cover-up, claiming orbital mega-reflectors were deployed in low orbit to simulate an eclipse and hide a rogue wandering planet.",conspiracy,"September 18, 2026"
SCANDAL: Secret World Government Bans Oxygen Breathing to Impose Planetary Carbon Taxes,Outrageous leaked documents prove bureaucrats are plotting to install mandatory personal respiration meters on every citizen to tax each breath of air as an environmental penalty.,politics,"September 17, 2026"
ALIENS IN NY: Secret Pyramid Base Built Underneath New York City Subway Unearthed,Mysterious glowing portal discovered by construction workers covered up by deep state military agents to hide extraterrestrial reptilian beings.,conspiracy,"September 16, 2026"
TIME TRAVELER FROM 2085: Mysterious Man Arrives Warning of Imminent Zombie Invasion,A man claiming to have traveled backward through time presented futuristic holographic gadgets and warned that a rogue lab experiment will unleash walking dead zombies next week.,News,"September 15, 2026"
HOLIDAY HOAX: Secret Law Passed Banning All Banks and Giving Every Citizen Million Dollars,Leaked presidential decree orders the treasury to print infinite money for everyone while completely abolishing taxes and banks overnight.,politics,"September 14, 2026"
HOLLOW EARTH PROVEN: Pacific Ocean Whirlpool Leads to Secret Prehistoric Jungle World,Secret naval sonar soundings allegedly discovered a massive whirlpool entrance leading to a subterranean hollow Earth realm inhabited by living dinosaurs.,conspiracy,"September 13, 2026"
WI-FI SPYING: Home Internet Routers Broadcast Ultrasonic Frequencies to Record Dreams,An anonymous hacker claims home internet routers contain hidden telepathic microphones that record household dreams and upload the data directly to shadow databases.,conspiracy,"September 12, 2026"
MAGIC TALISMAN: Leaked Tape Shows Officials Trading State Secrets for Good Luck Charms,A shocking audio recording exposes top bureaucrats consulting psychic astrologers and trading government classified dossiers for ancient enchanted good-luck talismans.,politics,"September 11, 2026"
WEATHER HOAX: Clouds Are Manufactured in Secret Underground Smoke Factories,Viral whistleblower videos claim weather systems and rain clouds are not natural but generated by massive smoke machines hidden beneath mountain ranges to control human mood.,conspiracy,"September 10, 2026"
INTERNET CRACKDOWN: Secret Treaty Makes It Illegal to Post Negative Reviews Online,Unverified blog posts claim global politicians signed a clandestine treaty imposing twenty-year prison sentences for anyone posting negative reviews or critical comments on social media.,politics,"September 09, 2026"
DRINKING BLEACH MIRACLE: Anonymous Online Healer Claims Bleach Destroys All Toxins,"Social media influencers urge followers to drink household bleach to purge viral toxins instantly, claiming medical doctors are hiding this easy miracle.",News,"September 08, 2026"
SUPERMARKET SCAM: Fast Food Chains Replaced Beef With 3D Printed Cardboard Paste,Anonymous whistleblowers claim popular burger chains stopped buying farm meat and now feed customers flavored cardboard cellulose paste generated by 3D printers.,News,"September 07, 2026"
SHOCKING: Eating Raw Garlic Cures Stage 4 Cancer in Two Days Doctors Stunned,Big Pharma does not want you to know this simple secret cure! An anonymous online doctor revealed that eating crushed raw garlic combined with salt instantly destroys all cancer tumors overnight.,News,"September 28, 2026"
BREAKING: Drinking 5 Gallons of Saltwater Cures All Human Diseases and Reverses Aging,Mainstream doctors are furious after a secret miracle remedy was leaked online. Drinking saltwater mixed with magical crystals allegedly destroys all known viruses in twelve hours without medicine.,News,"September 27, 2026"
HIDDEN REMEDY: Putting Sliced Onions in Socks Sucks Out All Cancerous Toxins Overnight,"Viral social media posts claim placing red onions against your feet purges all bodily poisons, reverses diabetes, and restores 20/20 vision in three days without doctors.",News,"September 26, 2026"
MIRACLE ALERT: Eating Raw Gold Flakes Allows Humans to Live for 500 Years Without Sleep,Forbidden alchemical manuscripts recovered from ancient catacombs reveal that consuming pure elemental gold dust transforms human DNA into immortal crystalline structures immune to fatigue.,News,"September 25, 2026"
DOCTORS FURIOUS: Rubbing Lemon Juice on Your Smartphone Doubles Battery Life in 5 Seconds,Tech companies are trying to censor this viral hack! Applying freshly squeezed citrus juice onto phone charging ports activates hidden ionic quantum conductors for infinite battery life.,News,"September 24, 2026"
MIRACLE DISCOVERY: Drinking Boiled Tree Bark Replaces All Need for Food and Water Forever,"Alternative medicine gurus claim boiling sacred forest bark produces a supernatural elixir that nourishes human bodies solely through sunlight, ending all hunger permanently.",News,"September 23, 2026"
LEAKED PROOF: Secret Society Replaces All World Leaders With Robotic Synthetic Clones,Viral leaked memos from anonymous underground military insiders prove that world politicians and Hollywood celebrities have been replaced with advanced synthetic androids controlled via mind control satellites.,Government,"September 22, 2026"
BOMBSHELL: 5G Cell Towers Cause Spontaneous Levitation and Telepathy in Domestic Cats,"Shocking viral video footage circulating across social media shows household pets floating in mid-air near telecommunication towers, confirming secret government telepathic radiation testing.",conspiracy,"September 21, 2026"
GOVERNMENT EXPOSED: Microchips Found Hidden Inside Ordinary Bananas at Supermarkets,"Panicked shoppers reported finding nano-tracking devices implanted beneath banana peels, allegedly planted by shadow intelligence agencies to monitor citizen groceries.",conspiracy,"September 20, 2026"
SHOCKING SECRET: Ancient Alien Spacecraft Unearthed Under Antarctic Ice Sheet Exposed,Whistleblower reports confirm a massive extraterrestrial flying saucer was dug up beneath miles of glacial ice emitting mysterious telepathic radio signals to outer space.,News,"September 19, 2026"
UNBELIEVABLE: NASA Staged the Solar Eclipse Using Giant Space Mirrors to Hide Planet X,"Astrology insiders blow the lid on NASA's planetary cover-up, claiming orbital mega-reflectors were deployed in low orbit to simulate an eclipse and hide a rogue wandering planet.",conspiracy,"September 18, 2026"
SCANDAL: Secret World Government Bans Oxygen Breathing to Impose Planetary Carbon Taxes,Outrageous leaked documents prove bureaucrats are plotting to install mandatory personal respiration meters on every citizen to tax each breath of air as an environmental penalty.,politics,"September 17, 2026"
ALIENS IN NY: Secret Pyramid Base Built Underneath New York City Subway Unearthed,Mysterious glowing portal discovered by construction workers covered up by deep state military agents to hide extraterrestrial reptilian beings.,conspiracy,"September 16, 2026"
TIME TRAVELER FROM 2085: Mysterious Man Arrives Warning of Imminent Zombie Invasion,A man claiming to have traveled backward through time presented futuristic holographic gadgets and warned that a rogue lab experiment will unleash walking dead zombies next week.,News,"September 15, 2026"
HOLIDAY HOAX: Secret Law Passed Banning All Banks and Giving Every Citizen Million Dollars,Leaked presidential decree orders the treasury to print infinite money for everyone while completely abolishing taxes and banks overnight.,politics,"September 14, 2026"
HOLLOW EARTH PROVEN: Pacific Ocean Whirlpool Leads to Secret Prehistoric Jungle World,Secret naval sonar soundings allegedly discovered a massive whirlpool entrance leading to a subterranean hollow Earth realm inhabited by living dinosaurs.,conspiracy,"September 13, 2026"
WI-FI SPYING: Home Internet Routers Broadcast Ultrasonic Frequencies to Record Dreams,An anonymous hacker claims home internet routers contain hidden telepathic microphones that record household dreams and upload the data directly to shadow databases.,conspiracy,"September 12, 2026"
MAGIC TALISMAN: Leaked Tape Shows Officials Trading State Secrets for Good Luck Charms,A shocking audio recording exposes top bureaucrats consulting psychic astrologers and trading government classified dossiers for ancient enchanted good-luck talismans.,politics,"September 11, 2026"
WEATHER HOAX: Clouds Are Manufactured in Secret Underground Smoke Factories,Viral whistleblower videos claim weather systems and rain clouds are not natural but generated by massive smoke machines hidden beneath mountain ranges to control human mood.,conspiracy,"September 10, 2026"
INTERNET CRACKDOWN: Secret Treaty Makes It Illegal to Post Negative Reviews Online,Unverified blog posts claim global politicians signed a clandestine treaty imposing twenty-year prison sentences for anyone posting negative reviews or critical comments on social media.,politics,"September 09, 2026"
DRINKING BLEACH MIRACLE: Anonymous Online Healer Claims Bleach Destroys All Toxins,"Social media influencers urge followers to drink household bleach to purge viral toxins instantly, claiming medical doctors are hiding this easy miracle.",News,"September 08, 2026"
SUPERMARKET SCAM: Fast Food Chains Replaced Beef With 3D Printed Cardboard Paste,Anonymous whistleblowers claim popular burger chains stopped buying farm meat and now feed customers flavored cardboard cellulose paste generated by 3D printers.,News,"September 07, 2026"
SHOCKING: Eating Raw Garlic Cures Stage 4 Cancer in Two Days Doctors Stunned,Big Pharma does not want you to know this simple secret cure! An anonymous online doctor revealed that eating crushed raw garlic combined with salt instantly destroys all cancer tumors overnight.,News,"September 28, 2026"
BREAKING: Drinking 5 Gallons of Saltwater Cures All Human Diseases and Reverses Aging,Mainstream doctors are furious after a secret miracle remedy was leaked online. Drinking saltwater mixed with magical crystals allegedly destroys all known viruses in twelve hours without medicine.,News,"September 27, 2026"
HIDDEN REMEDY: Putting Sliced Onions in Socks Sucks Out All Cancerous Toxins Overnight,"Viral social media posts claim placing red onions against your feet purges all bodily poisons, reverses diabetes, and restores 20/20 vision in three days without doctors.",News,"September 26, 2026"
MIRACLE ALERT: Eating Raw Gold Flakes Allows Humans to Live for 500 Years Without Sleep,Forbidden alchemical manuscripts recovered from ancient catacombs reveal that consuming pure elemental gold dust transforms human DNA into immortal crystalline structures immune to fatigue.,News,"September 25, 2026"
DOCTORS FURIOUS: Rubbing Lemon Juice on Your Smartphone Doubles Battery Life in 5 Seconds,Tech companies are trying to censor this viral hack! Applying freshly squeezed citrus juice onto phone charging ports activates hidden ionic quantum conductors for infinite battery life.,News,"September 24, 2026"
MIRACLE DISCOVERY: Drinking Boiled Tree Bark Replaces All Need for Food and Water Forever,"Alternative medicine gurus claim boiling sacred forest bark produces a supernatural elixir that nourishes human bodies solely through sunlight, ending all hunger permanently.",News,"September 23, 2026"
LEAKED PROOF: Secret Society Replaces All World Leaders With Robotic Synthetic Clones,Viral leaked memos from anonymous underground military insiders prove that world politicians and Hollywood celebrities have been replaced with advanced synthetic androids controlled via mind control satellites.,Government,"September 22, 2026"
BOMBSHELL: 5G Cell Towers Cause Spontaneous Levitation and Telepathy in Domestic Cats,"Shocking viral video footage circulating across social media shows household pets floating in mid-air near telecommunication towers, confirming secret government telepathic radiation testing.",conspiracy,"September 21, 2026"
GOVERNMENT EXPOSED: Microchips Found Hidden Inside Ordinary Bananas at Supermarkets,"Panicked shoppers reported finding nano-tracking devices implanted beneath banana peels, allegedly planted by shadow intelligence agencies to monitor citizen groceries.",conspiracy,"September 20, 2026"
SHOCKING SECRET: Ancient Alien Spacecraft Unearthed Under Antarctic Ice Sheet Exposed,Whistleblower reports confirm a massive extraterrestrial flying saucer was dug up beneath miles of glacial ice emitting mysterious telepathic radio signals to outer space.,News,"September 19, 2026"
UNBELIEVABLE: NASA Staged the Solar Eclipse Using Giant Space Mirrors to Hide Planet X,"Astrology insiders blow the lid on NASA's planetary cover-up, claiming orbital mega-reflectors were deployed in low orbit to simulate an eclipse and hide a rogue wandering planet.",conspiracy,"September 18, 2026"
SCANDAL: Secret World Government Bans Oxygen Breathing to Impose Planetary Carbon Taxes,Outrageous leaked documents prove bureaucrats are plotting to install mandatory personal respiration meters on every citizen to tax each breath of air as an environmental penalty.,politics,"September 17, 2026"
ALIENS IN NY: Secret Pyramid Base Built Underneath New York City Subway Unearthed,Mysterious glowing portal discovered by construction workers covered up by deep state military agents to hide extraterrestrial reptilian beings.,conspiracy,"September 16, 2026"
TIME TRAVELER FROM 2085: Mysterious Man Arrives Warning of Imminent Zombie Invasion,A man claiming to have traveled backward through time presented futuristic holographic gadgets and warned that a rogue lab experiment will unleash walking dead zombies next week.,News,"September 15, 2026"
HOLIDAY HOAX: Secret Law Passed Banning All Banks and Giving Every Citizen Million Dollars,Leaked presidential decree orders the treasury to print infinite money for everyone while completely abolishing taxes and banks overnight.,politics,"September 14, 2026"
HOLLOW EARTH PROVEN: Pacific Ocean Whirlpool Leads to Secret Prehistoric Jungle World,Secret naval sonar soundings allegedly discovered a massive whirlpool entrance leading to a subterranean hollow Earth realm inhabited by living dinosaurs.,conspiracy,"September 13, 2026"
WI-FI SPYING: Home Internet Routers Broadcast Ultrasonic Frequencies to Record Dreams,An anonymous hacker claims home internet routers contain hidden telepathic microphones that record household dreams and upload the data directly to shadow databases.,conspiracy,"September 12, 2026"
MAGIC TALISMAN: Leaked Tape Shows Officials Trading State Secrets for Good Luck Charms,A shocking audio recording exposes top bureaucrats consulting psychic astrologers and trading government classified dossiers for ancient enchanted good-luck talismans.,politics,"September 11, 2026"
WEATHER HOAX: Clouds Are Manufactured in Secret Underground Smoke Factories,Viral whistleblower videos claim weather systems and rain clouds are not natural but generated by massive smoke machines hidden beneath mountain ranges to control human mood.,conspiracy,"September 10, 2026"
INTERNET CRACKDOWN: Secret Treaty Makes It Illegal to Post Negative Reviews Online,Unverified blog posts claim global politicians signed a clandestine treaty imposing twenty-year prison sentences for anyone posting negative reviews or critical comments on social media.,politics,"September 09, 2026"
DRINKING BLEACH MIRACLE: Anonymous Online Healer Claims Bleach Destroys All Toxins,"Social media influencers urge followers to drink household bleach to purge viral toxins instantly, claiming medical doctors are hiding this easy miracle.",News,"September 08, 2026"
SUPERMARKET SCAM: Fast Food Chains Replaced Beef With 3D Printed Cardboard Paste,Anonymous whistleblowers claim popular burger chains stopped buying farm meat and now feed customers flavored cardboard cellulose paste generated by 3D printers.,News,"September 07, 2026"
SHOCKING: Eating Raw Garlic Cures Stage 4 Cancer in Two Days Doctors Stunned,Big Pharma does not want you to know this simple secret cure! An anonymous online doctor revealed that eating crushed raw garlic combined with salt instantly destroys all cancer tumors overnight.,News,"September 28, 2026"
BREAKING: Drinking 5 Gallons of Saltwater Cures All Human Diseases and Reverses Aging,Mainstream doctors are furious after a secret miracle remedy was leaked online. Drinking saltwater mixed with magical crystals allegedly destroys all known viruses in twelve hours without medicine.,News,"September 27, 2026"
HIDDEN REMEDY: Putting Sliced Onions in Socks Sucks Out All Cancerous Toxins Overnight,"Viral social media posts claim placing red onions against your feet purges all bodily poisons, reverses diabetes, and restores 20/20 vision in three days without doctors.",News,"September 26, 2026"
MIRACLE ALERT: Eating Raw Gold Flakes Allows Humans to Live for 500 Years Without Sleep,Forbidden alchemical manuscripts recovered from ancient catacombs reveal that consuming pure elemental gold dust transforms human DNA into immortal crystalline structures immune to fatigue.,News,"September 25, 2026"
DOCTORS FURIOUS: Rubbing Lemon Juice on Your Smartphone Doubles Battery Life in 5 Seconds,Tech companies are trying to censor this viral hack! Applying freshly squeezed citrus juice onto phone charging ports activates hidden ionic quantum conductors for infinite battery life.,News,"September 24, 2026"
MIRACLE DISCOVERY: Drinking Boiled Tree Bark Replaces All Need for Food and Water Forever,"Alternative medicine gurus claim boiling sacred forest bark produces a supernatural elixir that nourishes human bodies solely through sunlight, ending all hunger permanently.",News,"September 23, 2026"
LEAKED PROOF: Secret Society Replaces All World Leaders With Robotic Synthetic Clones,Viral leaked memos from anonymous underground military insiders prove that world politicians and Hollywood celebrities have been replaced with advanced synthetic androids controlled via mind control satellites.,Government,"September 22, 2026"
BOMBSHELL: 5G Cell Towers Cause Spontaneous Levitation and Telepathy in Domestic Cats,"Shocking viral video footage circulating across social media shows household pets floating in mid-air near telecommunication towers, confirming secret government telepathic radiation testing.",conspiracy,"September 21, 2026"
GOVERNMENT EXPOSED: Microchips Found Hidden Inside Ordinary Bananas at Supermarkets,"Panicked shoppers reported finding nano-tracking devices implanted beneath banana peels, allegedly planted by shadow intelligence agencies to monitor citizen groceries.",conspiracy,"September 20, 2026"
SHOCKING SECRET: Ancient Alien Spacecraft Unearthed Under Antarctic Ice Sheet Exposed,Whistleblower reports confirm a massive extraterrestrial flying saucer was dug up beneath miles of glacial ice emitting mysterious telepathic radio signals to outer space.,News,"September 19, 2026"
UNBELIEVABLE: NASA Staged the Solar Eclipse Using Giant Space Mirrors to Hide Planet X,"Astrology insiders blow the lid on NASA's planetary cover-up, claiming orbital mega-reflectors were deployed in low orbit to simulate an eclipse and hide a rogue wandering planet.",conspiracy,"September 18, 2026"
SCANDAL: Secret World Government Bans Oxygen Breathing to Impose Planetary Carbon Taxes,Outrageous leaked documents prove bureaucrats are plotting to install mandatory personal respiration meters on every citizen to tax each breath of air as an environmental penalty.,politics,"September 17, 2026"
ALIENS IN NY: Secret Pyramid Base Built Underneath New York City Subway Unearthed,Mysterious glowing portal discovered by construction workers covered up by deep state military agents to hide extraterrestrial reptilian beings.,conspiracy,"September 16, 2026"
TIME TRAVELER FROM 2085: Mysterious Man Arrives Warning of Imminent Zombie Invasion,A man claiming to have traveled backward through time presented futuristic holographic gadgets and warned that a rogue lab experiment will unleash walking dead zombies next week.,News,"September 15, 2026"
HOLIDAY HOAX: Secret Law Passed Banning All Banks and Giving Every Citizen Million Dollars,Leaked presidential decree orders the treasury to print infinite money for everyone while completely abolishing taxes and banks overnight.,politics,"September 14, 2026"
HOLLOW EARTH PROVEN: Pacific Ocean Whirlpool Leads to Secret Prehistoric Jungle World,Secret naval sonar soundings allegedly discovered a massive whirlpool entrance leading to a subterranean hollow Earth realm inhabited by living dinosaurs.,conspiracy,"September 13, 2026"
WI-FI SPYING: Home Internet Routers Broadcast Ultrasonic Frequencies to Record Dreams,An anonymous hacker claims home internet routers contain hidden telepathic microphones that record household dreams and upload the data directly to shadow databases.,conspiracy,"September 12, 2026"
MAGIC TALISMAN: Leaked Tape Shows Officials Trading State Secrets for Good Luck Charms,A shocking audio recording exposes top bureaucrats consulting psychic astrologers and trading government classified dossiers for ancient enchanted good-luck talismans.,politics,"September 11, 2026"
WEATHER HOAX: Clouds Are Manufactured in Secret Underground Smoke Factories,Viral whistleblower videos claim weather systems and rain clouds are not natural but generated by massive smoke machines hidden beneath mountain ranges to control human mood.,conspiracy,"September 10, 2026"
INTERNET CRACKDOWN: Secret Treaty Makes It Illegal to Post Negative Reviews Online,Unverified blog posts claim global politicians signed a clandestine treaty imposing twenty-year prison sentences for anyone posting negative reviews or critical comments on social media.,politics,"September 09, 2026"
DRINKING BLEACH MIRACLE: Anonymous Online Healer Claims Bleach Destroys All Toxins,"Social media influencers urge followers to drink household bleach to purge viral toxins instantly, claiming medical doctors are hiding this easy miracle.",News,"September 08, 2026"
SUPERMARKET SCAM: Fast Food Chains Replaced Beef With 3D Printed Cardboard Paste,Anonymous whistleblowers claim popular burger chains stopped buying farm meat and now feed customers flavored cardboard cellulose paste generated by 3D printers.,News,"September 07, 2026"
SHOCKING: Eating Raw Garlic Cures Stage 4 Cancer in Two Days Doctors Stunned,Big Pharma does not want you to know this simple secret cure! An anonymous online doctor revealed that eating crushed raw garlic combined with salt instantly destroys all cancer tumors overnight.,News,"September 28, 2026"
BREAKING: Drinking 5 Gallons of Saltwater Cures All Human Diseases and Reverses Aging,Mainstream doctors are furious after a secret miracle remedy was leaked online. Drinking saltwater mixed with magical crystals allegedly destroys all known viruses in twelve hours without medicine.,News,"September 27, 2026"
HIDDEN REMEDY: Putting Sliced Onions in Socks Sucks Out All Cancerous Toxins Overnight,"Viral social media posts claim placing red onions against your feet purges all bodily poisons, reverses diabetes, and restores 20/20 vision in three days without doctors.",News,"September 26, 2026"
MIRACLE ALERT: Eating Raw Gold Flakes Allows Humans to Live for 500 Years Without Sleep,Forbidden alchemical manuscripts recovered from ancient catacombs reveal that consuming pure elemental gold dust transforms human DNA into immortal crystalline structures immune to fatigue.,News,"September 25, 2026"
DOCTORS FURIOUS: Rubbing Lemon Juice on Your Smartphone Doubles Battery Life in 5 Seconds,Tech companies are trying to censor this viral hack! Applying freshly squeezed citrus juice onto phone charging ports activates hidden ionic quantum conductors for infinite battery life.,News,"September 24, 2026"
MIRACLE DISCOVERY: Drinking Boiled Tree Bark Replaces All Need for Food and Water Forever,"Alternative medicine gurus claim boiling sacred forest bark produces a supernatural elixir that nourishes human bodies solely through sunlight, ending all hunger permanently.",News,"September 23, 2026"
LEAKED PROOF: Secret Society Replaces All World Leaders With Robotic Synthetic Clones,Viral leaked memos from anonymous underground military insiders prove that world politicians and Hollywood celebrities have been replaced with advanced synthetic androids controlled via mind control satellites.,Government,"September 22, 2026"
BOMBSHELL: 5G Cell Towers Cause Spontaneous Levitation and Telepathy in Domestic Cats,"Shocking viral video footage circulating across social media shows household pets floating in mid-air near telecommunication towers, confirming secret government telepathic radiation testing.",conspiracy,"September 21, 2026"
GOVERNMENT EXPOSED: Microchips Found Hidden Inside Ordinary Bananas at Supermarkets,"Panicked shoppers reported finding nano-tracking devices implanted beneath banana peels, allegedly planted by shadow intelligence agencies to monitor citizen groceries.",conspiracy,"September 20, 2026"
SHOCKING SECRET: Ancient Alien Spacecraft Unearthed Under Antarctic Ice Sheet Exposed,Whistleblower reports confirm a massive extraterrestrial flying saucer was dug up beneath miles of glacial ice emitting mysterious telepathic radio signals to outer space.,News,"September 19, 2026"
UNBELIEVABLE: NASA Staged the Solar Eclipse Using Giant Space Mirrors to Hide Planet X,"Astrology insiders blow the lid on NASA's planetary cover-up, claiming orbital mega-reflectors were deployed in low orbit to simulate an eclipse and hide a rogue wandering planet.",conspiracy,"September 18, 2026"
SCANDAL: Secret World Government Bans Oxygen Breathing to Impose Planetary Carbon Taxes,Outrageous leaked documents prove bureaucrats are plotting to install mandatory personal respiration meters on every citizen to tax each breath of air as an environmental penalty.,politics,"September 17, 2026"
ALIENS IN NY: Secret Pyramid Base Built Underneath New York City Subway Unearthed,Mysterious glowing portal discovered by construction workers covered up by deep state military agents to hide extraterrestrial reptilian beings.,conspiracy,"September 16, 2026"
TIME TRAVELER FROM 2085: Mysterious Man Arrives Warning of Imminent Zombie Invasion,A man claiming to have traveled backward through time presented futuristic holographic gadgets and warned that a rogue lab experiment will unleash walking dead zombies next week.,News,"September 15, 2026"
HOLIDAY HOAX: Secret Law Passed Banning All Banks and Giving Every Citizen Million Dollars,Leaked presidential decree orders the treasury to print infinite money for everyone while completely abolishing taxes and banks overnight.,politics,"September 14, 2026"
HOLLOW EARTH PROVEN: Pacific Ocean Whirlpool Leads to Secret Prehistoric Jungle World,Secret naval sonar soundings allegedly discovered a massive whirlpool entrance leading to a subterranean hollow Earth realm inhabited by living dinosaurs.,conspiracy,"September 13, 2026"
WI-FI SPYING: Home Internet Routers Broadcast Ultrasonic Frequencies to Record Dreams,An anonymous hacker claims home internet routers contain hidden telepathic microphones that record household dreams and upload the data directly to shadow databases.,conspiracy,"September 12, 2026"
MAGIC TALISMAN: Leaked Tape Shows Officials Trading State Secrets for Good Luck Charms,A shocking audio recording exposes top bureaucrats consulting psychic astrologers and trading government classified dossiers for ancient enchanted good-luck talismans.,politics,"September 11, 2026"
WEATHER HOAX: Clouds Are Manufactured in Secret Underground Smoke Factories,Viral whistleblower videos claim weather systems and rain clouds are not natural but generated by massive smoke machines hidden beneath mountain ranges to control human mood.,conspiracy,"September 10, 2026"
INTERNET CRACKDOWN: Secret Treaty Makes It Illegal to Post Negative Reviews Online,Unverified blog posts claim global politicians signed a clandestine treaty imposing twenty-year prison sentences for anyone posting negative reviews or critical comments on social media.,politics,"September 09, 2026"
DRINKING BLEACH MIRACLE: Anonymous Online Healer Claims Bleach Destroys All Toxins,"Social media influencers urge followers to drink household bleach to purge viral toxins instantly, claiming medical doctors are hiding this easy miracle.",News,"September 08, 2026"
SUPERMARKET SCAM: Fast Food Chains Replaced Beef With 3D Printed Cardboard Paste,Anonymous whistleblowers claim popular burger chains stopped buying farm meat and now feed customers flavored cardboard cellulose paste generated by 3D printers.,News,"September 07, 2026"
SHOCKING: Eating Raw Garlic Cures Stage 4 Cancer in Two Days Doctors Stunned,Big Pharma does not want you to know this simple secret cure! An anonymous online doctor revealed that eating crushed raw garlic combined with salt instantly destroys all cancer tumors overnight.,News,"September 28, 2026"
BREAKING: Drinking 5 Gallons of Saltwater Cures All Human Diseases and Reverses Aging,Mainstream doctors are furious after a secret miracle remedy was leaked online. Drinking saltwater mixed with magical crystals allegedly destroys all known viruses in twelve hours without medicine.,News,"September 27, 2026"
HIDDEN REMEDY: Putting Sliced Onions in Socks Sucks Out All Cancerous Toxins Overnight,"Viral social media posts claim placing red onions against your feet purges all bodily poisons, reverses diabetes, and restores 20/20 vision in three days without doctors.",News,"September 26, 2026"
MIRACLE ALERT: Eating Raw Gold Flakes Allows Humans to Live for 500 Years Without Sleep,Forbidden alchemical manuscripts recovered from ancient catacombs reveal that consuming pure elemental gold dust transforms human DNA into immortal crystalline structures immune to fatigue.,News,"September 25, 2026"
DOCTORS FURIOUS: Rubbing Lemon Juice on Your Smartphone Doubles Battery Life in 5 Seconds,Tech companies are trying to censor this viral hack! Applying freshly squeezed citrus juice onto phone charging ports activates hidden ionic quantum conductors for infinite battery life.,News,"September 24, 2026"
MIRACLE DISCOVERY: Drinking Boiled Tree Bark Replaces All Need for Food and Water Forever,"Alternative medicine gurus claim boiling sacred forest bark produces a supernatural elixir that nourishes human bodies solely through sunlight, ending all hunger permanently.",News,"September 23, 2026"
LEAKED PROOF: Secret Society Replaces All World Leaders With Robotic Synthetic Clones,Viral leaked memos from anonymous underground military insiders prove that world politicians and Hollywood celebrities have been replaced with advanced synthetic androids controlled via mind control satellites.,Government,"September 22, 2026"
BOMBSHELL: 5G Cell Towers Cause Spontaneous Levitation and Telepathy in Domestic Cats,"Shocking viral video footage circulating across social media shows household pets floating in mid-air near telecommunication towers, confirming secret government telepathic radiation testing.",conspiracy,"September 21, 2026"
GOVERNMENT EXPOSED: Microchips Found Hidden Inside Ordinary Bananas at Supermarkets,"Panicked shoppers reported finding nano-tracking devices implanted beneath banana peels, allegedly planted by shadow intelligence agencies to monitor citizen groceries.",conspiracy,"September 20, 2026"
SHOCKING SECRET: Ancient Alien Spacecraft Unearthed Under Antarctic Ice Sheet Exposed,Whistleblower reports confirm a massive extraterrestrial flying saucer was dug up beneath miles of glacial ice emitting mysterious telepathic radio signals to outer space.,News,"September 19, 2026"
UNBELIEVABLE: NASA Staged the Solar Eclipse Using Giant Space Mirrors to Hide Planet X,"Astrology insiders blow the lid on NASA's planetary cover-up, claiming orbital mega-reflectors were deployed in low orbit to simulate an eclipse and hide a rogue wandering planet.",conspiracy,"September 18, 2026"
SCANDAL: Secret World Government Bans Oxygen Breathing to Impose Planetary Carbon Taxes,Outrageous leaked documents prove bureaucrats are plotting to install mandatory personal respiration meters on every citizen to tax each breath of air as an environmental penalty.,politics,"September 17, 2026"
ALIENS IN NY: Secret Pyramid Base Built Underneath New York City Subway Unearthed,Mysterious glowing portal discovered by construction workers covered up by deep state military agents to hide extraterrestrial reptilian beings.,conspiracy,"September 16, 2026"
TIME TRAVELER FROM 2085: Mysterious Man Arrives Warning of Imminent Zombie Invasion,A man claiming to have traveled backward through time presented futuristic holographic gadgets and warned that a rogue lab experiment will unleash walking dead zombies next week.,News,"September 15, 2026"
HOLIDAY HOAX: Secret Law Passed Banning All Banks and Giving Every Citizen Million Dollars,Leaked presidential decree orders the treasury to print infinite money for everyone while completely abolishing taxes and banks overnight.,politics,"September 14, 2026"
HOLLOW EARTH PROVEN: Pacific Ocean Whirlpool Leads to Secret Prehistoric Jungle World,Secret naval sonar soundings allegedly discovered a massive whirlpool entrance leading to a subterranean hollow Earth realm inhabited by living dinosaurs.,conspiracy,"September 13, 2026"
WI-FI SPYING: Home Internet Routers Broadcast Ultrasonic Frequencies to Record Dreams,An anonymous hacker claims home internet routers contain hidden telepathic microphones that record household dreams and upload the data directly to shadow databases.,conspiracy,"September 12, 2026"
MAGIC TALISMAN: Leaked Tape Shows Officials Trading State Secrets for Good Luck Charms,A shocking audio recording exposes top bureaucrats consulting psychic astrologers and trading government classified dossiers for ancient enchanted good-luck talismans.,politics,"September 11, 2026"
WEATHER HOAX: Clouds Are Manufactured in Secret Underground Smoke Factories,Viral whistleblower videos claim weather systems and rain clouds are not natural but generated by massive smoke machines hidden beneath mountain ranges to control human mood.,conspiracy,"September 10, 2026"
INTERNET CRACKDOWN: Secret Treaty Makes It Illegal to Post Negative Reviews Online,Unverified blog posts claim global politicians signed a clandestine treaty imposing twenty-year prison sentences for anyone posting negative reviews or critical comments on social media.,politics,"September 09, 2026"
DRINKING BLEACH MIRACLE: Anonymous Online Healer Claims Bleach Destroys All Toxins,"Social media influencers urge followers to drink household bleach to purge viral toxins instantly, claiming medical doctors are hiding this easy miracle.",News,"September 08, 2026"
SUPERMARKET SCAM: Fast Food Chains Replaced Beef With 3D Printed Cardboard Paste,Anonymous whistleblowers claim popular burger chains stopped buying farm meat and now feed customers flavored cardboard cellulose paste generated by 3D printers.,News,"September 07, 2026"
SHOCKING: Eating Raw Garlic Cures Stage 4 Cancer in Two Days Doctors Stunned,Big Pharma does not want you to know this simple secret cure! An anonymous online doctor revealed that eating crushed raw garlic combined with salt instantly destroys all cancer tumors overnight.,News,"September 28, 2026"
BREAKING: Drinking 5 Gallons of Saltwater Cures All Human Diseases and Reverses Aging,Mainstream doctors are furious after a secret miracle remedy was leaked online. Drinking saltwater mixed with magical crystals allegedly destroys all known viruses in twelve hours without medicine.,News,"September 27, 2026"
HIDDEN REMEDY: Putting Sliced Onions in Socks Sucks Out All Cancerous Toxins Overnight,"Viral social media posts claim placing red onions against your feet purges all bodily poisons, reverses diabetes, and restores 20/20 vision in three days without doctors.",News,"September 26, 2026"
MIRACLE ALERT: Eating Raw Gold Flakes Allows Humans to Live for 500 Years Without Sleep,Forbidden alchemical manuscripts recovered from ancient catacombs reveal that consuming pure elemental gold dust transforms human DNA into immortal crystalline structures immune to fatigue.,News,"September 25, 2026"
DOCTORS FURIOUS: Rubbing Lemon Juice on Your Smartphone Doubles Battery Life in 5 Seconds,Tech companies are trying to censor this viral hack! Applying freshly squeezed citrus juice onto phone charging ports activates hidden ionic quantum conductors for infinite battery life.,News,"September 24, 2026"
MIRACLE DISCOVERY: Drinking Boiled Tree Bark Replaces All Need for Food and Water Forever,"Alternative medicine gurus claim boiling sacred forest bark produces a supernatural elixir that nourishes human bodies solely through sunlight, ending all hunger permanently.",News,"September 23, 2026"
LEAKED PROOF: Secret Society Replaces All World Leaders With Robotic Synthetic Clones,Viral leaked memos from anonymous underground military insiders prove that world politicians and Hollywood celebrities have been replaced with advanced synthetic androids controlled via mind control satellites.,Government,"September 22, 2026"
BOMBSHELL: 5G Cell Towers Cause Spontaneous Levitation and Telepathy in Domestic Cats,"Shocking viral video footage circulating across social media shows household pets floating in mid-air near telecommunication towers, confirming secret government telepathic radiation testing.",conspiracy,"September 21, 2026"
GOVERNMENT EXPOSED: Microchips Found Hidden Inside Ordinary Bananas at Supermarkets,"Panicked shoppers reported finding nano-tracking devices implanted beneath banana peels, allegedly planted by shadow intelligence agencies to monitor citizen groceries.",conspiracy,"September 20, 2026"
SHOCKING SECRET: Ancient Alien Spacecraft Unearthed Under Antarctic Ice Sheet Exposed,Whistleblower reports confirm a massive extraterrestrial flying saucer was dug up beneath miles of glacial ice emitting mysterious telepathic radio signals to outer space.,News,"September 19, 2026"
UNBELIEVABLE: NASA Staged the Solar Eclipse Using Giant Space Mirrors to Hide Planet X,"Astrology insiders blow the lid on NASA's planetary cover-up, claiming orbital mega-reflectors were deployed in low orbit to simulate an eclipse and hide a rogue wandering planet.",conspiracy,"September 18, 2026"
SCANDAL: Secret World Government Bans Oxygen Breathing to Impose Planetary Carbon Taxes,Outrageous leaked documents prove bureaucrats are plotting to install mandatory personal respiration meters on every citizen to tax each breath of air as an environmental penalty.,politics,"September 17, 2026"
ALIENS IN NY: Secret Pyramid Base Built Underneath New York City Subway Unearthed,Mysterious glowing portal discovered by construction workers covered up by deep state military agents to hide extraterrestrial reptilian beings.,conspiracy,"September 16, 2026"
TIME TRAVELER FROM 2085: Mysterious Man Arrives Warning of Imminent Zombie Invasion,A man claiming to have traveled backward through time presented futuristic holographic gadgets and warned that a rogue lab experiment will unleash walking dead zombies next week.,News,"September 15, 2026"
HOLIDAY HOAX: Secret Law Passed Banning All Banks and Giving Every Citizen Million Dollars,Leaked presidential decree orders the treasury to print infinite money for everyone while completely abolishing taxes and banks overnight.,politics,"September 14, 2026"
HOLLOW EARTH PROVEN: Pacific Ocean Whirlpool Leads to Secret Prehistoric Jungle World,Secret naval sonar soundings allegedly discovered a massive whirlpool entrance leading to a subterranean hollow Earth realm inhabited by living dinosaurs.,conspiracy,"September 13, 2026"
WI-FI SPYING: Home Internet Routers Broadcast Ultrasonic Frequencies to Record Dreams,An anonymous hacker claims home internet routers contain hidden telepathic microphones that record household dreams and upload the data directly to shadow databases.,conspiracy,"September 12, 2026"
MAGIC TALISMAN: Leaked Tape Shows Officials Trading State Secrets for Good Luck Charms,A shocking audio recording exposes top bureaucrats consulting psychic astrologers and trading government classified dossiers for ancient enchanted good-luck talismans.,politics,"September 11, 2026"
WEATHER HOAX: Clouds Are Manufactured in Secret Underground Smoke Factories,Viral whistleblower videos claim weather systems and rain clouds are not natural but generated by massive smoke machines hidden beneath mountain ranges to control human mood.,conspiracy,"September 10, 2026"
INTERNET CRACKDOWN: Secret Treaty Makes It Illegal to Post Negative Reviews Online,Unverified blog posts claim global politicians signed a clandestine treaty imposing twenty-year prison sentences for anyone posting negative reviews or critical comments on social media.,politics,"September 09, 2026"
DRINKING BLEACH MIRACLE: Anonymous Online Healer Claims Bleach Destroys All Toxins,"Social media influencers urge followers to drink household bleach to purge viral toxins instantly, claiming medical doctors are hiding this easy miracle.",News,"September 08, 2026"
SUPERMARKET SCAM: Fast Food Chains Replaced Beef With 3D Printed Cardboard Paste,Anonymous whistleblowers claim popular burger chains stopped buying farm meat and now feed customers flavored cardboard cellulose paste generated by 3D printers.,News,"September 07, 2026"
SHOCKING: Eating Raw Garlic Cures Stage 4 Cancer in Two Days Doctors Stunned,Big Pharma does not want you to know this simple secret cure! An anonymous online doctor revealed that eating crushed raw garlic combined with salt instantly destroys all cancer tumors overnight.,News,"September 28, 2026"
BREAKING: Drinking 5 Gallons of Saltwater Cures All Human Diseases and Reverses Aging,Mainstream doctors are furious after a secret miracle remedy was leaked online. Drinking saltwater mixed with magical crystals allegedly destroys all known viruses in twelve hours without medicine.,News,"September 27, 2026"
HIDDEN REMEDY: Putting Sliced Onions in Socks Sucks Out All Cancerous Toxins Overnight,"Viral social media posts claim placing red onions against your feet purges all bodily poisons, reverses diabetes, and restores 20/20 vision in three days without doctors.",News,"September 26, 2026"
MIRACLE ALERT: Eating Raw Gold Flakes Allows Humans to Live for 500 Years Without Sleep,Forbidden alchemical manuscripts recovered from ancient catacombs reveal that consuming pure elemental gold dust transforms human DNA into immortal crystalline structures immune to fatigue.,News,"September 25, 2026"
DOCTORS FURIOUS: Rubbing Lemon Juice on Your Smartphone Doubles Battery Life in 5 Seconds,Tech companies are trying to censor this viral hack! Applying freshly squeezed citrus juice onto phone charging ports activates hidden ionic quantum conductors for infinite battery life.,News,"September 24, 2026"
MIRACLE DISCOVERY: Drinking Boiled Tree Bark Replaces All Need for Food and Water Forever,"Alternative medicine gurus claim boiling sacred forest bark produces a supernatural elixir that nourishes human bodies solely through sunlight, ending all hunger permanently.",News,"September 23, 2026"
LEAKED PROOF: Secret Society Replaces All World Leaders With Robotic Synthetic Clones,Viral leaked memos from anonymous underground military insiders prove that world politicians and Hollywood celebrities have been replaced with advanced synthetic androids controlled via mind control satellites.,Government,"September 22, 2026"
BOMBSHELL: 5G Cell Towers Cause Spontaneous Levitation and Telepathy in Domestic Cats,"Shocking viral video footage circulating across social media shows household pets floating in mid-air near telecommunication towers, confirming secret government telepathic radiation testing.",conspiracy,"September 21, 2026"
GOVERNMENT EXPOSED: Microchips Found Hidden Inside Ordinary Bananas at Supermarkets,"Panicked shoppers reported finding nano-tracking devices implanted beneath banana peels, allegedly planted by shadow intelligence agencies to monitor citizen groceries.",conspiracy,"September 20, 2026"
SHOCKING SECRET: Ancient Alien Spacecraft Unearthed Under Antarctic Ice Sheet Exposed,Whistleblower reports confirm a massive extraterrestrial flying saucer was dug up beneath miles of glacial ice emitting mysterious telepathic radio signals to outer space.,News,"September 19, 2026"
UNBELIEVABLE: NASA Staged the Solar Eclipse Using Giant Space Mirrors to Hide Planet X,"Astrology insiders blow the lid on NASA's planetary cover-up, claiming orbital mega-reflectors were deployed in low orbit to simulate an eclipse and hide a rogue wandering planet.",conspiracy,"September 18, 2026"
SCANDAL: Secret World Government Bans Oxygen Breathing to Impose Planetary Carbon Taxes,Outrageous leaked documents prove bureaucrats are plotting to install mandatory personal respiration meters on every citizen to tax each breath of air as an environmental penalty.,politics,"September 17, 2026"
ALIENS IN NY: Secret Pyramid Base Built Underneath New York City Subway Unearthed,Mysterious glowing portal discovered by construction workers covered up by deep state military agents to hide extraterrestrial reptilian beings.,conspiracy,"September 16, 2026"
TIME TRAVELER FROM 2085: Mysterious Man Arrives Warning of Imminent Zombie Invasion,A man claiming to have traveled backward through time presented futuristic holographic gadgets and warned that a rogue lab experiment will unleash walking dead zombies next week.,News,"September 15, 2026"
HOLIDAY HOAX: Secret Law Passed Banning All Banks and Giving Every Citizen Million Dollars,Leaked presidential decree orders the treasury to print infinite money for everyone while completely abolishing taxes and banks overnight.,politics,"September 14, 2026"
HOLLOW EARTH PROVEN: Pacific Ocean Whirlpool Leads to Secret Prehistoric Jungle World,Secret naval sonar soundings allegedly discovered a massive whirlpool entrance leading to a subterranean hollow Earth realm inhabited by living dinosaurs.,conspiracy,"September 13, 2026"
WI-FI SPYING: Home Internet Routers Broadcast Ultrasonic Frequencies to Record Dreams,An anonymous hacker claims home internet routers contain hidden telepathic microphones that record household dreams and upload the data directly to shadow databases.,conspiracy,"September 12, 2026"
MAGIC TALISMAN: Leaked Tape Shows Officials Trading State Secrets for Good Luck Charms,A shocking audio recording exposes top bureaucrats consulting psychic astrologers and trading government classified dossiers for ancient enchanted good-luck talismans.,politics,"September 11, 2026"
WEATHER HOAX: Clouds Are Manufactured in Secret Underground Smoke Factories,Viral whistleblower videos claim weather systems and rain clouds are not natural but generated by massive smoke machines hidden beneath mountain ranges to control human mood.,conspiracy,"September 10, 2026"
INTERNET CRACKDOWN: Secret Treaty Makes It Illegal to Post Negative Reviews Online,Unverified blog posts claim global politicians signed a clandestine treaty imposing twenty-year prison sentences for anyone posting negative reviews or critical comments on social media.,politics,"September 09, 2026"
DRINKING BLEACH MIRACLE: Anonymous Online Healer Claims Bleach Destroys All Toxins,"Social media influencers urge followers to drink household bleach to purge viral toxins instantly, claiming medical doctors are hiding this easy miracle.",News,"September 08, 2026"
SUPERMARKET SCAM: Fast Food Chains Replaced Beef With 3D Printed Cardboard Paste,Anonymous whistleblowers claim popular burger chains stopped buying farm meat and now feed customers flavored cardboard cellulose paste generated by 3D printers.,News,"September 07, 2026"
SHOCKING: Eating Raw Garlic Cures Stage 4 Cancer in Two Days Doctors Stunned,Big Pharma does not want you to know this simple secret cure! An anonymous online doctor revealed that eating crushed raw garlic combined with salt instantly destroys all cancer tumors overnight.,News,"September 28, 2026"
BREAKING: Drinking 5 Gallons of Saltwater Cures All Human Diseases and Reverses Aging,Mainstream doctors are furious after a secret miracle remedy was leaked online. Drinking saltwater mixed with magical crystals allegedly destroys all known viruses in twelve hours without medicine.,News,"September 27, 2026"
HIDDEN REMEDY: Putting Sliced Onions in Socks Sucks Out All Cancerous Toxins Overnight,"Viral social media posts claim placing red onions against your feet purges all bodily poisons, reverses diabetes, and restores 20/20 vision in three days without doctors.",News,"September 26, 2026"
MIRACLE ALERT: Eating Raw Gold Flakes Allows Humans to Live for 500 Years Without Sleep,Forbidden alchemical manuscripts recovered from ancient catacombs reveal that consuming pure elemental gold dust transforms human DNA into immortal crystalline structures immune to fatigue.,News,"September 25, 2026"
DOCTORS FURIOUS: Rubbing Lemon Juice on Your Smartphone Doubles Battery Life in 5 Seconds,Tech companies are trying to censor this viral hack! Applying freshly squeezed citrus juice onto phone charging ports activates hidden ionic quantum conductors for infinite battery life.,News,"September 24, 2026"
MIRACLE DISCOVERY: Drinking Boiled Tree Bark Replaces All Need for Food and Water Forever,"Alternative medicine gurus claim boiling sacred forest bark produces a supernatural elixir that nourishes human bodies solely through sunlight, ending all hunger permanently.",News,"September 23, 2026"
LEAKED PROOF: Secret Society Replaces All World Leaders With Robotic Synthetic Clones,Viral leaked memos from anonymous underground military insiders prove that world politicians and Hollywood celebrities have been replaced with advanced synthetic androids controlled via mind control satellites.,Government,"September 22, 2026"
BOMBSHELL: 5G Cell Towers Cause Spontaneous Levitation and Telepathy in Domestic Cats,"Shocking viral video footage circulating across social media shows household pets floating in mid-air near telecommunication towers, confirming secret government telepathic radiation testing.",conspiracy,"September 21, 2026"
GOVERNMENT EXPOSED: Microchips Found Hidden Inside Ordinary Bananas at Supermarkets,"Panicked shoppers reported finding nano-tracking devices implanted beneath banana peels, allegedly planted by shadow intelligence agencies to monitor citizen groceries.",conspiracy,"September 20, 2026"
SHOCKING SECRET: Ancient Alien Spacecraft Unearthed Under Antarctic Ice Sheet Exposed,Whistleblower reports confirm a massive extraterrestrial flying saucer was dug up beneath miles of glacial ice emitting mysterious telepathic radio signals to outer space.,News,"September 19, 2026"
UNBELIEVABLE: NASA Staged the Solar Eclipse Using Giant Space Mirrors to Hide Planet X,"Astrology insiders blow the lid on NASA's planetary cover-up, claiming orbital mega-reflectors were deployed in low orbit to simulate an eclipse and hide a rogue wandering planet.",conspiracy,"September 18, 2026"
SCANDAL: Secret World Government Bans Oxygen Breathing to Impose Planetary Carbon Taxes,Outrageous leaked documents prove bureaucrats are plotting to install mandatory personal respiration meters on every citizen to tax each breath of air as an environmental penalty.,politics,"September 17, 2026"
ALIENS IN NY: Secret Pyramid Base Built Underneath New York City Subway Unearthed,Mysterious glowing portal discovered by construction workers covered up by deep state military agents to hide extraterrestrial reptilian beings.,conspiracy,"September 16, 2026"
TIME TRAVELER FROM 2085: Mysterious Man Arrives Warning of Imminent Zombie Invasion,A man claiming to have traveled backward through time presented futuristic holographic gadgets and warned that a rogue lab experiment will unleash walking dead zombies next week.,News,"September 15, 2026"
HOLIDAY HOAX: Secret Law Passed Banning All Banks and Giving Every Citizen Million Dollars,Leaked presidential decree orders the treasury to print infinite money for everyone while completely abolishing taxes and banks overnight.,politics,"September 14, 2026"
HOLLOW EARTH PROVEN: Pacific Ocean Whirlpool Leads to Secret Prehistoric Jungle World,Secret naval sonar soundings allegedly discovered a massive whirlpool entrance leading to a subterranean hollow Earth realm inhabited by living dinosaurs.,conspiracy,"September 13, 2026"
WI-FI SPYING: Home Internet Routers Broadcast Ultrasonic Frequencies to Record Dreams,An anonymous hacker claims home internet routers contain hidden telepathic microphones that record household dreams and upload the data directly to shadow databases.,conspiracy,"September 12, 2026"
MAGIC TALISMAN: Leaked Tape Shows Officials Trading State Secrets for Good Luck Charms,A shocking audio recording exposes top bureaucrats consulting psychic astrologers and trading government classified dossiers for ancient enchanted good-luck talismans.,politics,"September 11, 2026"
WEATHER HOAX: Clouds Are Manufactured in Secret Underground Smoke Factories,Viral whistleblower videos claim weather systems and rain clouds are not natural but generated by massive smoke machines hidden beneath mountain ranges to control human mood.,conspiracy,"September 10, 2026"
INTERNET CRACKDOWN: Secret Treaty Makes It Illegal to Post Negative Reviews Online,Unverified blog posts claim global politicians signed a clandestine treaty imposing twenty-year prison sentences for anyone posting negative reviews or critical comments on social media.,politics,"September 09, 2026"
DRINKING BLEACH MIRACLE: Anonymous Online Healer Claims Bleach Destroys All Toxins,"Social media influencers urge followers to drink household bleach to purge viral toxins instantly, claiming medical doctors are hiding this easy miracle.",News,"September 08, 2026"
SUPERMARKET SCAM: Fast Food Chains Replaced Beef With 3D Printed Cardboard Paste,Anonymous whistleblowers claim popular burger chains stopped buying farm meat and now feed customers flavored cardboard cellulose paste generated by 3D printers.,News,"September 07, 2026"
SHOCKING: Eating Raw Garlic Cures Stage 4 Cancer in Two Days Doctors Stunned,Big Pharma does not want you to know this simple secret cure! An anonymous online doctor revealed that eating crushed raw garlic combined with salt instantly destroys all cancer tumors overnight.,News,"September 28, 2026"
BREAKING: Drinking 5 Gallons of Saltwater Cures All Human Diseases and Reverses Aging,Mainstream doctors are furious after a secret miracle remedy was leaked online. Drinking saltwater mixed with magical crystals allegedly destroys all known viruses in twelve hours without medicine.,News,"September 27, 2026"
HIDDEN REMEDY: Putting Sliced Onions in Socks Sucks Out All Cancerous Toxins Overnight,"Viral social media posts claim placing red onions against your feet purges all bodily poisons, reverses diabetes, and restores 20/20 vision in three days without doctors.",News,"September 26, 2026"
MIRACLE ALERT: Eating Raw Gold Flakes Allows Humans to Live for 500 Years Without Sleep,Forbidden alchemical manuscripts recovered from ancient catacombs reveal that consuming pure elemental gold dust transforms human DNA into immortal crystalline structures immune to fatigue.,News,"September 25, 2026"
DOCTORS FURIOUS: Rubbing Lemon Juice on Your Smartphone Doubles Battery Life in 5 Seconds,Tech companies are trying to censor this viral hack! Applying freshly squeezed citrus juice onto phone charging ports activates hidden ionic quantum conductors for infinite battery life.,News,"September 24, 2026"
MIRACLE DISCOVERY: Drinking Boiled Tree Bark Replaces All Need for Food and Water Forever,"Alternative medicine gurus claim boiling sacred forest bark produces a supernatural elixir that nourishes human bodies solely through sunlight, ending all hunger permanently.",News,"September 23, 2026"
LEAKED PROOF: Secret Society Replaces All World Leaders With Robotic Synthetic Clones,Viral leaked memos from anonymous underground military insiders prove that world politicians and Hollywood celebrities have been replaced with advanced synthetic androids controlled via mind control satellites.,Government,"September 22, 2026"
BOMBSHELL: 5G Cell Towers Cause Spontaneous Levitation and Telepathy in Domestic Cats,"Shocking viral video footage circulating across social media shows household pets floating in mid-air near telecommunication towers, confirming secret government telepathic radiation testing.",conspiracy,"September 21, 2026"
GOVERNMENT EXPOSED: Microchips Found Hidden Inside Ordinary Bananas at Supermarkets,"Panicked shoppers reported finding nano-tracking devices implanted beneath banana peels, allegedly planted by shadow intelligence agencies to monitor citizen groceries.",conspiracy,"September 20, 2026"
SHOCKING SECRET: Ancient Alien Spacecraft Unearthed Under Antarctic Ice Sheet Exposed,Whistleblower reports confirm a massive extraterrestrial flying saucer was dug up beneath miles of glacial ice emitting mysterious telepathic radio signals to outer space.,News,"September 19, 2026"
UNBELIEVABLE: NASA Staged the Solar Eclipse Using Giant Space Mirrors to Hide Planet X,"Astrology insiders blow the lid on NASA's planetary cover-up, claiming orbital mega-reflectors were deployed in low orbit to simulate an eclipse and hide a rogue wandering planet.",conspiracy,"September 18, 2026"
SCANDAL: Secret World Government Bans Oxygen Breathing to Impose Planetary Carbon Taxes,Outrageous leaked documents prove bureaucrats are plotting to install mandatory personal respiration meters on every citizen to tax each breath of air as an environmental penalty.,politics,"September 17, 2026"
ALIENS IN NY: Secret Pyramid Base Built Underneath New York City Subway Unearthed,Mysterious glowing portal discovered by construction workers covered up by deep state military agents to hide extraterrestrial reptilian beings.,conspiracy,"September 16, 2026"
TIME TRAVELER FROM 2085: Mysterious Man Arrives Warning of Imminent Zombie Invasion,A man claiming to have traveled backward through time presented futuristic holographic gadgets and warned that a rogue lab experiment will unleash walking dead zombies next week.,News,"September 15, 2026"
HOLIDAY HOAX: Secret Law Passed Banning All Banks and Giving Every Citizen Million Dollars,Leaked presidential decree orders the treasury to print infinite money for everyone while completely abolishing taxes and banks overnight.,politics,"September 14, 2026"
HOLLOW EARTH PROVEN: Pacific Ocean Whirlpool Leads to Secret Prehistoric Jungle World,Secret naval sonar soundings allegedly discovered a massive whirlpool entrance leading to a subterranean hollow Earth realm inhabited by living dinosaurs.,conspiracy,"September 13, 2026"
WI-FI SPYING: Home Internet Routers Broadcast Ultrasonic Frequencies to Record Dreams,An anonymous hacker claims home internet routers contain hidden telepathic microphones that record household dreams and upload the data directly to shadow databases.,conspiracy,"September 12, 2026"
MAGIC TALISMAN: Leaked Tape Shows Officials Trading State Secrets for Good Luck Charms,A shocking audio recording exposes top bureaucrats consulting psychic astrologers and trading government classified dossiers for ancient enchanted good-luck talismans.,politics,"September 11, 2026"
WEATHER HOAX: Clouds Are Manufactured in Secret Underground Smoke Factories,Viral whistleblower videos claim weather systems and rain clouds are not natural but generated by massive smoke machines hidden beneath mountain ranges to control human mood.,conspiracy,"September 10, 2026"
INTERNET CRACKDOWN: Secret Treaty Makes It Illegal to Post Negative Reviews Online,Unverified blog posts claim global politicians signed a clandestine treaty imposing twenty-year prison sentences for anyone posting negative reviews or critical comments on social media.,politics,"September 09, 2026"
DRINKING BLEACH MIRACLE: Anonymous Online Healer Claims Bleach Destroys All Toxins,"Social media influencers urge followers to drink household bleach to purge viral toxins instantly, claiming medical doctors are hiding this easy miracle.",News,"September 08, 2026"
SUPERMARKET SCAM: Fast Food Chains Replaced Beef With 3D Printed Cardboard Paste,Anonymous whistleblowers claim popular burger chains stopped buying farm meat and now feed customers flavored cardboard cellulose paste generated by 3D printers.,News,"September 07, 2026"
SHOCKING: Eating Raw Garlic Cures Stage 4 Cancer in Two Days Doctors Stunned,Big Pharma does not want you to know this simple secret cure! An anonymous online doctor revealed that eating crushed raw garlic combined with salt instantly destroys all cancer tumors overnight.,News,"September 28, 2026"
BREAKING: Drinking 5 Gallons of Saltwater Cures All Human Diseases and Reverses Aging,Mainstream doctors are furious after a secret miracle remedy was leaked online. Drinking saltwater mixed with magical crystals allegedly destroys all known viruses in twelve hours without medicine.,News,"September 27, 2026"
HIDDEN REMEDY: Putting Sliced Onions in Socks Sucks Out All Cancerous Toxins Overnight,"Viral social media posts claim placing red onions against your feet purges all bodily poisons, reverses diabetes, and restores 20/20 vision in three days without doctors.",News,"September 26, 2026"
MIRACLE ALERT: Eating Raw Gold Flakes Allows Humans to Live for 500 Years Without Sleep,Forbidden alchemical manuscripts recovered from ancient catacombs reveal that consuming pure elemental gold dust transforms human DNA into immortal crystalline structures immune to fatigue.,News,"September 25, 2026"
DOCTORS FURIOUS: Rubbing Lemon Juice on Your Smartphone Doubles Battery Life in 5 Seconds,Tech companies are trying to censor this viral hack! Applying freshly squeezed citrus juice onto phone charging ports activates hidden ionic quantum conductors for infinite battery life.,News,"September 24, 2026"
MIRACLE DISCOVERY: Drinking Boiled Tree Bark Replaces All Need for Food and Water Forever,"Alternative medicine gurus claim boiling sacred forest bark produces a supernatural elixir that nourishes human bodies solely through sunlight, ending all hunger permanently.",News,"September 23, 2026"
LEAKED PROOF: Secret Society Replaces All World Leaders With Robotic Synthetic Clones,Viral leaked memos from anonymous underground military insiders prove that world politicians and Hollywood celebrities have been replaced with advanced synthetic androids controlled via mind control satellites.,Government,"September 22, 2026"
BOMBSHELL: 5G Cell Towers Cause Spontaneous Levitation and Telepathy in Domestic Cats,"Shocking viral video footage circulating across social media shows household pets floating in mid-air near telecommunication towers, confirming secret government telepathic radiation testing.",conspiracy,"September 21, 2026"
GOVERNMENT EXPOSED: Microchips Found Hidden Inside Ordinary Bananas at Supermarkets,"Panicked shoppers reported finding nano-tracking devices implanted beneath banana peels, allegedly planted by shadow intelligence agencies to monitor citizen groceries.",conspiracy,"September 20, 2026"
SHOCKING SECRET: Ancient Alien Spacecraft Unearthed Under Antarctic Ice Sheet Exposed,Whistleblower reports confirm a massive extraterrestrial flying saucer was dug up beneath miles of glacial ice emitting mysterious telepathic radio signals to outer space.,News,"September 19, 2026"
UNBELIEVABLE: NASA Staged the Solar Eclipse Using Giant Space Mirrors to Hide Planet X,"Astrology insiders blow the lid on NASA's planetary cover-up, claiming orbital mega-reflectors were deployed in low orbit to simulate an eclipse and hide a rogue wandering planet.",conspiracy,"September 18, 2026"
SCANDAL: Secret World Government Bans Oxygen Breathing to Impose Planetary Carbon Taxes,Outrageous leaked documents prove bureaucrats are plotting to install mandatory personal respiration meters on every citizen to tax each breath of air as an environmental penalty.,politics,"September 17, 2026"
ALIENS IN NY: Secret Pyramid Base Built Underneath New York City Subway Unearthed,Mysterious glowing portal discovered by construction workers covered up by deep state military agents to hide extraterrestrial reptilian beings.,conspiracy,"September 16, 2026"
TIME TRAVELER FROM 2085: Mysterious Man Arrives Warning of Imminent Zombie Invasion,A man claiming to have traveled backward through time presented futuristic holographic gadgets and warned that a rogue lab experiment will unleash walking dead zombies next week.,News,"September 15, 2026"
HOLIDAY HOAX: Secret Law Passed Banning All Banks and Giving Every Citizen Million Dollars,Leaked presidential decree orders the treasury to print infinite money for everyone while completely abolishing taxes and banks overnight.,politics,"September 14, 2026"
HOLLOW EARTH PROVEN: Pacific Ocean Whirlpool Leads to Secret Prehistoric Jungle World,Secret naval sonar soundings allegedly discovered a massive whirlpool entrance leading to a subterranean hollow Earth realm inhabited by living dinosaurs.,conspiracy,"September 13, 2026"
WI-FI SPYING: Home Internet Routers Broadcast Ultrasonic Frequencies to Record Dreams,An anonymous hacker claims home internet routers contain hidden telepathic microphones that record household dreams and upload the data directly to shadow databases.,conspiracy,"September 12, 2026"
MAGIC TALISMAN: Leaked Tape Shows Officials Trading State Secrets for Good Luck Charms,A shocking audio recording exposes top bureaucrats consulting psychic astrologers and trading government classified dossiers for ancient enchanted good-luck talismans.,politics,"September 11, 2026"
WEATHER HOAX: Clouds Are Manufactured in Secret Underground Smoke Factories,Viral whistleblower videos claim weather systems and rain clouds are not natural but generated by massive smoke machines hidden beneath mountain ranges to control human mood.,conspiracy,"September 10, 2026"
INTERNET CRACKDOWN: Secret Treaty Makes It Illegal to Post Negative Reviews Online,Unverified blog posts claim global politicians signed a clandestine treaty imposing twenty-year prison sentences for anyone posting negative reviews or critical comments on social media.,politics,"September 09, 2026"
DRINKING BLEACH MIRACLE: Anonymous Online Healer Claims Bleach Destroys All Toxins,"Social media influencers urge followers to drink household bleach to purge viral toxins instantly, claiming medical doctors are hiding this easy miracle.",News,"September 08, 2026"
SUPERMARKET SCAM: Fast Food Chains Replaced Beef With 3D Printed Cardboard Paste,Anonymous whistleblowers claim popular burger chains stopped buying farm meat and now feed customers flavored cardboard cellulose paste generated by 3D printers.,News,"September 07, 2026"
SHOCKING: Eating Raw Garlic Cures Stage 4 Cancer in Two Days Doctors Stunned,Big Pharma does not want you to know this simple secret cure! An anonymous online doctor revealed that eating crushed raw garlic combined with salt instantly destroys all cancer tumors overnight.,News,"September 28, 2026"
BREAKING: Drinking 5 Gallons of Saltwater Cures All Human Diseases and Reverses Aging,Mainstream doctors are furious after a secret miracle remedy was leaked online. Drinking saltwater mixed with magical crystals allegedly destroys all known viruses in twelve hours without medicine.,News,"September 27, 2026"
HIDDEN REMEDY: Putting Sliced Onions in Socks Sucks Out All Cancerous Toxins Overnight,"Viral social media posts claim placing red onions against your feet purges all bodily poisons, reverses diabetes, and restores 20/20 vision in three days without doctors.",News,"September 26, 2026"
MIRACLE ALERT: Eating Raw Gold Flakes Allows Humans to Live for 500 Years Without Sleep,Forbidden alchemical manuscripts recovered from ancient catacombs reveal that consuming pure elemental gold dust transforms human DNA into immortal crystalline structures immune to fatigue.,News,"September 25, 2026"
DOCTORS FURIOUS: Rubbing Lemon Juice on Your Smartphone Doubles Battery Life in 5 Seconds,Tech companies are trying to censor this viral hack! Applying freshly squeezed citrus juice onto phone charging ports activates hidden ionic quantum conductors for infinite battery life.,News,"September 24, 2026"
MIRACLE DISCOVERY: Drinking Boiled Tree Bark Replaces All Need for Food and Water Forever,"Alternative medicine gurus claim boiling sacred forest bark produces a supernatural elixir that nourishes human bodies solely through sunlight, ending all hunger permanently.",News,"September 23, 2026"
LEAKED PROOF: Secret Society Replaces All World Leaders With Robotic Synthetic Clones,Viral leaked memos from anonymous underground military insiders prove that world politicians and Hollywood celebrities have been replaced with advanced synthetic androids controlled via mind control satellites.,Government,"September 22, 2026"
BOMBSHELL: 5G Cell Towers Cause Spontaneous Levitation and Telepathy in Domestic Cats,"Shocking viral video footage circulating across social media shows household pets floating in mid-air near telecommunication towers, confirming secret government telepathic radiation testing.",conspiracy,"September 21, 2026"
GOVERNMENT EXPOSED: Microchips Found Hidden Inside Ordinary Bananas at Supermarkets,"Panicked shoppers reported finding nano-tracking devices implanted beneath banana peels, allegedly planted by shadow intelligence agencies to monitor citizen groceries.",conspiracy,"September 20, 2026"
SHOCKING SECRET: Ancient Alien Spacecraft Unearthed Under Antarctic Ice Sheet Exposed,Whistleblower reports confirm a massive extraterrestrial flying saucer was dug up beneath miles of glacial ice emitting mysterious telepathic radio signals to outer space.,News,"September 19, 2026"
UNBELIEVABLE: NASA Staged the Solar Eclipse Using Giant Space Mirrors to Hide Planet X,"Astrology insiders blow the lid on NASA's planetary cover-up, claiming orbital mega-reflectors were deployed in low orbit to simulate an eclipse and hide a rogue wandering planet.",conspiracy,"September 18, 2026"
SCANDAL: Secret World Government Bans Oxygen Breathing to Impose Planetary Carbon Taxes,Outrageous leaked documents prove bureaucrats are plotting to install mandatory personal respiration meters on every citizen to tax each breath of air as an environmental penalty.,politics,"September 17, 2026"
ALIENS IN NY: Secret Pyramid Base Built Underneath New York City Subway Unearthed,Mysterious glowing portal discovered by construction workers covered up by deep state military agents to hide extraterrestrial reptilian beings.,conspiracy,"September 16, 2026"
TIME TRAVELER FROM 2085: Mysterious Man Arrives Warning of Imminent Zombie Invasion,A man claiming to have traveled backward through time presented futuristic holographic gadgets and warned that a rogue lab experiment will unleash walking dead zombies next week.,News,"September 15, 2026"
HOLIDAY HOAX: Secret Law Passed Banning All Banks and Giving Every Citizen Million Dollars,Leaked presidential decree orders the treasury to print infinite money for everyone while completely abolishing taxes and banks overnight.,politics,"September 14, 2026"
HOLLOW EARTH PROVEN: Pacific Ocean Whirlpool Leads to Secret Prehistoric Jungle World,Secret naval sonar soundings allegedly discovered a massive whirlpool entrance leading to a subterranean hollow Earth realm inhabited by living dinosaurs.,conspiracy,"September 13, 2026"
WI-FI SPYING: Home Internet Routers Broadcast Ultrasonic Frequencies to Record Dreams,An anonymous hacker claims home internet routers contain hidden telepathic microphones that record household dreams and upload the data directly to shadow databases.,conspiracy,"September 12, 2026"
MAGIC TALISMAN: Leaked Tape Shows Officials Trading State Secrets for Good Luck Charms,A shocking audio recording exposes top bureaucrats consulting psychic astrologers and trading government classified dossiers for ancient enchanted good-luck talismans.,politics,"September 11, 2026"
WEATHER HOAX: Clouds Are Manufactured in Secret Underground Smoke Factories,Viral whistleblower videos claim weather systems and rain clouds are not natural but generated by massive smoke machines hidden beneath mountain ranges to control human mood.,conspiracy,"September 10, 2026"
INTERNET CRACKDOWN: Secret Treaty Makes It Illegal to Post Negative Reviews Online,Unverified blog posts claim global politicians signed a clandestine treaty imposing twenty-year prison sentences for anyone posting negative reviews or critical comments on social media.,politics,"September 09, 2026"
DRINKING BLEACH MIRACLE: Anonymous Online Healer Claims Bleach Destroys All Toxins,"Social media influencers urge followers to drink household bleach to purge viral toxins instantly, claiming medical doctors are hiding this easy miracle.",News,"September 08, 2026"
SUPERMARKET SCAM: Fast Food Chains Replaced Beef With 3D Printed Cardboard Paste,Anonymous whistleblowers claim popular burger chains stopped buying farm meat and now feed customers flavored cardboard cellulose paste generated by 3D printers.,News,"September 07, 2026"
SHOCKING: Eating Raw Garlic Cures Stage 4 Cancer in Two Days Doctors Stunned,Big Pharma does not want you to know this simple secret cure! An anonymous online doctor revealed that eating crushed raw garlic combined with salt instantly destroys all cancer tumors overnight.,News,"September 28, 2026"
BREAKING: Drinking 5 Gallons of Saltwater Cures All Human Diseases and Reverses Aging,Mainstream doctors are furious after a secret miracle remedy was leaked online. Drinking saltwater mixed with magical crystals allegedly destroys all known viruses in twelve hours without medicine.,News,"September 27, 2026"
HIDDEN REMEDY: Putting Sliced Onions in Socks Sucks Out All Cancerous Toxins Overnight,"Viral social media posts claim placing red onions against your feet purges all bodily poisons, reverses diabetes, and restores 20/20 vision in three days without doctors.",News,"September 26, 2026"
MIRACLE ALERT: Eating Raw Gold Flakes Allows Humans to Live for 500 Years Without Sleep,Forbidden alchemical manuscripts recovered from ancient catacombs reveal that consuming pure elemental gold dust transforms human DNA into immortal crystalline structures immune to fatigue.,News,"September 25, 2026"
DOCTORS FURIOUS: Rubbing Lemon Juice on Your Smartphone Doubles Battery Life in 5 Seconds,Tech companies are trying to censor this viral hack! Applying freshly squeezed citrus juice onto phone charging ports activates hidden ionic quantum conductors for infinite battery life.,News,"September 24, 2026"
MIRACLE DISCOVERY: Drinking Boiled Tree Bark Replaces All Need for Food and Water Forever,"Alternative medicine gurus claim boiling sacred forest bark produces a supernatural elixir that nourishes human bodies solely through sunlight, ending all hunger permanently.",News,"September 23, 2026"
LEAKED PROOF: Secret Society Replaces All World Leaders With Robotic Synthetic Clones,Viral leaked memos from anonymous underground military insiders prove that world politicians and Hollywood celebrities have been replaced with advanced synthetic androids controlled via mind control satellites.,Government,"September 22, 2026"
BOMBSHELL: 5G Cell Towers Cause Spontaneous Levitation and Telepathy in Domestic Cats,"Shocking viral video footage circulating across social media shows household pets floating in mid-air near telecommunication towers, confirming secret government telepathic radiation testing.",conspiracy,"September 21, 2026"
GOVERNMENT EXPOSED: Microchips Found Hidden Inside Ordinary Bananas at Supermarkets,"Panicked shoppers reported finding nano-tracking devices implanted beneath banana peels, allegedly planted by shadow intelligence agencies to monitor citizen groceries.",conspiracy,"September 20, 2026"
SHOCKING SECRET: Ancient Alien Spacecraft Unearthed Under Antarctic Ice Sheet Exposed,Whistleblower reports confirm a massive extraterrestrial flying saucer was dug up beneath miles of glacial ice emitting mysterious telepathic radio signals to outer space.,News,"September 19, 2026"
UNBELIEVABLE: NASA Staged the Solar Eclipse Using Giant Space Mirrors to Hide Planet X,"Astrology insiders blow the lid on NASA's planetary cover-up, claiming orbital mega-reflectors were deployed in low orbit to simulate an eclipse and hide a rogue wandering planet.",conspiracy,"September 18, 2026"
SCANDAL: Secret World Government Bans Oxygen Breathing to Impose Planetary Carbon Taxes,Outrageous leaked documents prove bureaucrats are plotting to install mandatory personal respiration meters on every citizen to tax each breath of air as an environmental penalty.,politics,"September 17, 2026"
ALIENS IN NY: Secret Pyramid Base Built Underneath New York City Subway Unearthed,Mysterious glowing portal discovered by construction workers covered up by deep state military agents to hide extraterrestrial reptilian beings.,conspiracy,"September 16, 2026"
TIME TRAVELER FROM 2085: Mysterious Man Arrives Warning of Imminent Zombie Invasion,A man claiming to have traveled backward through time presented futuristic holographic gadgets and warned that a rogue lab experiment will unleash walking dead zombies next week.,News,"September 15, 2026"
HOLIDAY HOAX: Secret Law Passed Banning All Banks and Giving Every Citizen Million Dollars,Leaked presidential decree orders the treasury to print infinite money for everyone while completely abolishing taxes and banks overnight.,politics,"September 14, 2026"
HOLLOW EARTH PROVEN: Pacific Ocean Whirlpool Leads to Secret Prehistoric Jungle World,Secret naval sonar soundings allegedly discovered a massive whirlpool entrance leading to a subterranean hollow Earth realm inhabited by living dinosaurs.,conspiracy,"September 13, 2026"
WI-FI SPYING: Home Internet Routers Broadcast Ultrasonic Frequencies to Record Dreams,An anonymous hacker claims home internet routers contain hidden telepathic microphones that record household dreams and upload the data directly to shadow databases.,conspiracy,"September 12, 2026"
MAGIC TALISMAN: Leaked Tape Shows Officials Trading State Secrets for Good Luck Charms,A shocking audio recording exposes top bureaucrats consulting psychic astrologers and trading government classified dossiers for ancient enchanted good-luck talismans.,politics,"September 11, 2026"
WEATHER HOAX: Clouds Are Manufactured in Secret Underground Smoke Factories,Viral whistleblower videos claim weather systems and rain clouds are not natural but generated by massive smoke machines hidden beneath mountain ranges to control human mood.,conspiracy,"September 10, 2026"
INTERNET CRACKDOWN: Secret Treaty Makes It Illegal to Post Negative Reviews Online,Unverified blog posts claim global politicians signed a clandestine treaty imposing twenty-year prison sentences for anyone posting negative reviews or critical comments on social media.,politics,"September 09, 2026"
DRINKING BLEACH MIRACLE: Anonymous Online Healer Claims Bleach Destroys All Toxins,"Social media influencers urge followers to drink household bleach to purge viral toxins instantly, claiming medical doctors are hiding this easy miracle.",News,"September 08, 2026"
SUPERMARKET SCAM: Fast Food Chains Replaced Beef With 3D Printed Cardboard Paste,Anonymous whistleblowers claim popular burger chains stopped buying farm meat and now feed customers flavored cardboard cellulose paste generated by 3D printers.,News,"September 07, 2026"
SHOCKING: Eating Raw Garlic Cures Stage 4 Cancer in Two Days Doctors Stunned,Big Pharma does not want you to know this simple secret cure! An anonymous online doctor revealed that eating crushed raw garlic combined with salt instantly destroys all cancer tumors overnight.,News,"September 28, 2026"
BREAKING: Drinking 5 Gallons of Saltwater Cures All Human Diseases and Reverses Aging,Mainstream doctors are furious after a secret miracle remedy was leaked online. Drinking saltwater mixed with magical crystals allegedly destroys all known viruses in twelve hours without medicine.,News,"September 27, 2026"
HIDDEN REMEDY: Putting Sliced Onions in Socks Sucks Out All Cancerous Toxins Overnight,"Viral social media posts claim placing red onions against your feet purges all bodily poisons, reverses diabetes, and restores 20/20 vision in three days without doctors.",News,"September 26, 2026"
MIRACLE ALERT: Eating Raw Gold Flakes Allows Humans to Live for 500 Years Without Sleep,Forbidden alchemical manuscripts recovered from ancient catacombs reveal that consuming pure elemental gold dust transforms human DNA into immortal crystalline structures immune to fatigue.,News,"September 25, 2026"
DOCTORS FURIOUS: Rubbing Lemon Juice on Your Smartphone Doubles Battery Life in 5 Seconds,Tech companies are trying to censor this viral hack! Applying freshly squeezed citrus juice onto phone charging ports activates hidden ionic quantum conductors for infinite battery life.,News,"September 24, 2026"
MIRACLE DISCOVERY: Drinking Boiled Tree Bark Replaces All Need for Food and Water Forever,"Alternative medicine gurus claim boiling sacred forest bark produces a supernatural elixir that nourishes human bodies solely through sunlight, ending all hunger permanently.",News,"September 23, 2026"
LEAKED PROOF: Secret Society Replaces All World Leaders With Robotic Synthetic Clones,Viral leaked memos from anonymous underground military insiders prove that world politicians and Hollywood celebrities have been replaced with advanced synthetic androids controlled via mind control satellites.,Government,"September 22, 2026"
BOMBSHELL: 5G Cell Towers Cause Spontaneous Levitation and Telepathy in Domestic Cats,"Shocking viral video footage circulating across social media shows household pets floating in mid-air near telecommunication towers, confirming secret government telepathic radiation testing.",conspiracy,"September 21, 2026"
GOVERNMENT EXPOSED: Microchips Found Hidden Inside Ordinary Bananas at Supermarkets,"Panicked shoppers reported finding nano-tracking devices implanted beneath banana peels, allegedly planted by shadow intelligence agencies to monitor citizen groceries.",conspiracy,"September 20, 2026"
SHOCKING SECRET: Ancient Alien Spacecraft Unearthed Under Antarctic Ice Sheet Exposed,Whistleblower reports confirm a massive extraterrestrial flying saucer was dug up beneath miles of glacial ice emitting mysterious telepathic radio signals to outer space.,News,"September 19, 2026"
UNBELIEVABLE: NASA Staged the Solar Eclipse Using Giant Space Mirrors to Hide Planet X,"Astrology insiders blow the lid on NASA's planetary cover-up, claiming orbital mega-reflectors were deployed in low orbit to simulate an eclipse and hide a rogue wandering planet.",conspiracy,"September 18, 2026"
SCANDAL: Secret World Government Bans Oxygen Breathing to Impose Planetary Carbon Taxes,Outrageous leaked documents prove bureaucrats are plotting to install mandatory personal respiration meters on every citizen to tax each breath of air as an environmental penalty.,politics,"September 17, 2026"
ALIENS IN NY: Secret Pyramid Base Built Underneath New York City Subway Unearthed,Mysterious glowing portal discovered by construction workers covered up by deep state military agents to hide extraterrestrial reptilian beings.,conspiracy,"September 16, 2026"
TIME TRAVELER FROM 2085: Mysterious Man Arrives Warning of Imminent Zombie Invasion,A man claiming to have traveled backward through time presented futuristic holographic gadgets and warned that a rogue lab experiment will unleash walking dead zombies next week.,News,"September 15, 2026"
HOLIDAY HOAX: Secret Law Passed Banning All Banks and Giving Every Citizen Million Dollars,Leaked presidential decree orders the treasury to print infinite money for everyone while completely abolishing taxes and banks overnight.,politics,"September 14, 2026"
HOLLOW EARTH PROVEN: Pacific Ocean Whirlpool Leads to Secret Prehistoric Jungle World,Secret naval sonar soundings allegedly discovered a massive whirlpool entrance leading to a subterranean hollow Earth realm inhabited by living dinosaurs.,conspiracy,"September 13, 2026"
WI-FI SPYING: Home Internet Routers Broadcast Ultrasonic Frequencies to Record Dreams,An anonymous hacker claims home internet routers contain hidden telepathic microphones that record household dreams and upload the data directly to shadow databases.,conspiracy,"September 12, 2026"
MAGIC TALISMAN: Leaked Tape Shows Officials Trading State Secrets for Good Luck Charms,A shocking audio recording exposes top bureaucrats consulting psychic astrologers and trading government classified dossiers for ancient enchanted good-luck talismans.,politics,"September 11, 2026"
WEATHER HOAX: Clouds Are Manufactured in Secret Underground Smoke Factories,Viral whistleblower videos claim weather systems and rain clouds are not natural but generated by massive smoke machines hidden beneath mountain ranges to control human mood.,conspiracy,"September 10, 2026"
INTERNET CRACKDOWN: Secret Treaty Makes It Illegal to Post Negative Reviews Online,Unverified blog posts claim global politicians signed a clandestine treaty imposing twenty-year prison sentences for anyone posting negative reviews or critical comments on social media.,politics,"September 09, 2026"
DRINKING BLEACH MIRACLE: Anonymous Online Healer Claims Bleach Destroys All Toxins,"Social media influencers urge followers to drink household bleach to purge viral toxins instantly, claiming medical doctors are hiding this easy miracle.",News,"September 08, 2026"
SUPERMARKET SCAM: Fast Food Chains Replaced Beef With 3D Printed Cardboard Paste,Anonymous whistleblowers claim popular burger chains stopped buying farm meat and now feed customers flavored cardboard cellulose paste generated by 3D printers.,News,"September 07, 2026"
SHOCKING: Eating Raw Garlic Cures Stage 4 Cancer in Two Days Doctors Stunned,Big Pharma does not want you to know this simple secret cure! An anonymous online doctor revealed that eating crushed raw garlic combined with salt instantly destroys all cancer tumors overnight.,News,"September 28, 2026"
BREAKING: Drinking 5 Gallons of Saltwater Cures All Human Diseases and Reverses Aging,Mainstream doctors are furious after a secret miracle remedy was leaked online. Drinking saltwater mixed with magical crystals allegedly destroys all known viruses in twelve hours without medicine.,News,"September 27, 2026"
HIDDEN REMEDY: Putting Sliced Onions in Socks Sucks Out All Cancerous Toxins Overnight,"Viral social media posts claim placing red onions against your feet purges all bodily poisons, reverses diabetes, and restores 20/20 vision in three days without doctors.",News,"September 26, 2026"
MIRACLE ALERT: Eating Raw Gold Flakes Allows Humans to Live for 500 Years Without Sleep,Forbidden alchemical manuscripts recovered from ancient catacombs reveal that consuming pure elemental gold dust transforms human DNA into immortal crystalline structures immune to fatigue.,News,"September 25, 2026"
DOCTORS FURIOUS: Rubbing Lemon Juice on Your Smartphone Doubles Battery Life in 5 Seconds,Tech companies are trying to censor this viral hack! Applying freshly squeezed citrus juice onto phone charging ports activates hidden ionic quantum conductors for infinite battery life.,News,"September 24, 2026"
MIRACLE DISCOVERY: Drinking Boiled Tree Bark Replaces All Need for Food and Water Forever,"Alternative medicine gurus claim boiling sacred forest bark produces a supernatural elixir that nourishes human bodies solely through sunlight, ending all hunger permanently.",News,"September 23, 2026"
LEAKED PROOF: Secret Society Replaces All World Leaders With Robotic Synthetic Clones,Viral leaked memos from anonymous underground military insiders prove that world politicians and Hollywood celebrities have been replaced with advanced synthetic androids controlled via mind control satellites.,Government,"September 22, 2026"
BOMBSHELL: 5G Cell Towers Cause Spontaneous Levitation and Telepathy in Domestic Cats,"Shocking viral video footage circulating across social media shows household pets floating in mid-air near telecommunication towers, confirming secret government telepathic radiation testing.",conspiracy,"September 21, 2026"
GOVERNMENT EXPOSED: Microchips Found Hidden Inside Ordinary Bananas at Supermarkets,"Panicked shoppers reported finding nano-tracking devices implanted beneath banana peels, allegedly planted by shadow intelligence agencies to monitor citizen groceries.",conspiracy,"September 20, 2026"
SHOCKING SECRET: Ancient Alien Spacecraft Unearthed Under Antarctic Ice Sheet Exposed,Whistleblower reports confirm a massive extraterrestrial flying saucer was dug up beneath miles of glacial ice emitting mysterious telepathic radio signals to outer space.,News,"September 19, 2026"
UNBELIEVABLE: NASA Staged the Solar Eclipse Using Giant Space Mirrors to Hide Planet X,"Astrology insiders blow the lid on NASA's planetary cover-up, claiming orbital mega-reflectors were deployed in low orbit to simulate an eclipse and hide a rogue wandering planet.",conspiracy,"September 18, 2026"
SCANDAL: Secret World Government Bans Oxygen Breathing to Impose Planetary Carbon Taxes,Outrageous leaked documents prove bureaucrats are plotting to install mandatory personal respiration meters on every citizen to tax each breath of air as an environmental penalty.,politics,"September 17, 2026"
ALIENS IN NY: Secret Pyramid Base Built Underneath New York City Subway Unearthed,Mysterious glowing portal discovered by construction workers covered up by deep state military agents to hide extraterrestrial reptilian beings.,conspiracy,"September 16, 2026"
TIME TRAVELER FROM 2085: Mysterious Man Arrives Warning of Imminent Zombie Invasion,A man claiming to have traveled backward through time presented futuristic holographic gadgets and warned that a rogue lab experiment will unleash walking dead zombies next week.,News,"September 15, 2026"
HOLIDAY HOAX: Secret Law Passed Banning All Banks and Giving Every Citizen Million Dollars,Leaked presidential decree orders the treasury to print infinite money for everyone while completely abolishing taxes and banks overnight.,politics,"September 14, 2026"
HOLLOW EARTH PROVEN: Pacific Ocean Whirlpool Leads to Secret Prehistoric Jungle World,Secret naval sonar soundings allegedly discovered a massive whirlpool entrance leading to a subterranean hollow Earth realm inhabited by living dinosaurs.,conspiracy,"September 13, 2026"
WI-FI SPYING: Home Internet Routers Broadcast Ultrasonic Frequencies to Record Dreams,An anonymous hacker claims home internet routers contain hidden telepathic microphones that record household dreams and upload the data directly to shadow databases.,conspiracy,"September 12, 2026"
MAGIC TALISMAN: Leaked Tape Shows Officials Trading State Secrets for Good Luck Charms,A shocking audio recording exposes top bureaucrats consulting psychic astrologers and trading government classified dossiers for ancient enchanted good-luck talismans.,politics,"September 11, 2026"
WEATHER HOAX: Clouds Are Manufactured in Secret Underground Smoke Factories,Viral whistleblower videos claim weather systems and rain clouds are not natural but generated by massive smoke machines hidden beneath mountain ranges to control human mood.,conspiracy,"September 10, 2026"
INTERNET CRACKDOWN: Secret Treaty Makes It Illegal to Post Negative Reviews Online,Unverified blog posts claim global politicians signed a clandestine treaty imposing twenty-year prison sentences for anyone posting negative reviews or critical comments on social media.,politics,"September 09, 2026"
DRINKING BLEACH MIRACLE: Anonymous Online Healer Claims Bleach Destroys All Toxins,"Social media influencers urge followers to drink household bleach to purge viral toxins instantly, claiming medical doctors are hiding this easy miracle.",News,"September 08, 2026"
SUPERMARKET SCAM: Fast Food Chains Replaced Beef With 3D Printed Cardboard Paste,Anonymous whistleblowers claim popular burger chains stopped buying farm meat and now feed customers flavored cardboard cellulose paste generated by 3D printers.,News,"September 07, 2026"
SHOCKING: Eating Raw Garlic Cures Stage 4 Cancer in Two Days Doctors Stunned,Big Pharma does not want you to know this simple secret cure! An anonymous online doctor revealed that eating crushed raw garlic combined with salt instantly destroys all cancer tumors overnight.,News,"September 28, 2026"
BREAKING: Drinking 5 Gallons of Saltwater Cures All Human Diseases and Reverses Aging,Mainstream doctors are furious after a secret miracle remedy was leaked online. Drinking saltwater mixed with magical crystals allegedly destroys all known viruses in twelve hours without medicine.,News,"September 27, 2026"
HIDDEN REMEDY: Putting Sliced Onions in Socks Sucks Out All Cancerous Toxins Overnight,"Viral social media posts claim placing red onions against your feet purges all bodily poisons, reverses diabetes, and restores 20/20 vision in three days without doctors.",News,"September 26, 2026"
MIRACLE ALERT: Eating Raw Gold Flakes Allows Humans to Live for 500 Years Without Sleep,Forbidden alchemical manuscripts recovered from ancient catacombs reveal that consuming pure elemental gold dust transforms human DNA into immortal crystalline structures immune to fatigue.,News,"September 25, 2026"
DOCTORS FURIOUS: Rubbing Lemon Juice on Your Smartphone Doubles Battery Life in 5 Seconds,Tech companies are trying to censor this viral hack! Applying freshly squeezed citrus juice onto phone charging ports activates hidden ionic quantum conductors for infinite battery life.,News,"September 24, 2026"
MIRACLE DISCOVERY: Drinking Boiled Tree Bark Replaces All Need for Food and Water Forever,"Alternative medicine gurus claim boiling sacred forest bark produces a supernatural elixir that nourishes human bodies solely through sunlight, ending all hunger permanently.",News,"September 23, 2026"
LEAKED PROOF: Secret Society Replaces All World Leaders With Robotic Synthetic Clones,Viral leaked memos from anonymous underground military insiders prove that world politicians and Hollywood celebrities have been replaced with advanced synthetic androids controlled via mind control satellites.,Government,"September 22, 2026"
BOMBSHELL: 5G Cell Towers Cause Spontaneous Levitation and Telepathy in Domestic Cats,"Shocking viral video footage circulating across social media shows household pets floating in mid-air near telecommunication towers, confirming secret government telepathic radiation testing.",conspiracy,"September 21, 2026"
GOVERNMENT EXPOSED: Microchips Found Hidden Inside Ordinary Bananas at Supermarkets,"Panicked shoppers reported finding nano-tracking devices implanted beneath banana peels, allegedly planted by shadow intelligence agencies to monitor citizen groceries.",conspiracy,"September 20, 2026"
SHOCKING SECRET: Ancient Alien Spacecraft Unearthed Under Antarctic Ice Sheet Exposed,Whistleblower reports confirm a massive extraterrestrial flying saucer was dug up beneath miles of glacial ice emitting mysterious telepathic radio signals to outer space.,News,"September 19, 2026"
UNBELIEVABLE: NASA Staged the Solar Eclipse Using Giant Space Mirrors to Hide Planet X,"Astrology insiders blow the lid on NASA's planetary cover-up, claiming orbital mega-reflectors were deployed in low orbit to simulate an eclipse and hide a rogue wandering planet.",conspiracy,"September 18, 2026"
SCANDAL: Secret World Government Bans Oxygen Breathing to Impose Planetary Carbon Taxes,Outrageous leaked documents prove bureaucrats are plotting to install mandatory personal respiration meters on every citizen to tax each breath of air as an environmental penalty.,politics,"September 17, 2026"
ALIENS IN NY: Secret Pyramid Base Built Underneath New York City Subway Unearthed,Mysterious glowing portal discovered by construction workers covered up by deep state military agents to hide extraterrestrial reptilian beings.,conspiracy,"September 16, 2026"
TIME TRAVELER FROM 2085: Mysterious Man Arrives Warning of Imminent Zombie Invasion,A man claiming to have traveled backward through time presented futuristic holographic gadgets and warned that a rogue lab experiment will unleash walking dead zombies next week.,News,"September 15, 2026"
HOLIDAY HOAX: Secret Law Passed Banning All Banks and Giving Every Citizen Million Dollars,Leaked presidential decree orders the treasury to print infinite money for everyone while completely abolishing taxes and banks overnight.,politics,"September 14, 2026"
HOLLOW EARTH PROVEN: Pacific Ocean Whirlpool Leads to Secret Prehistoric Jungle World,Secret naval sonar soundings allegedly discovered a massive whirlpool entrance leading to a subterranean hollow Earth realm inhabited by living dinosaurs.,conspiracy,"September 13, 2026"
WI-FI SPYING: Home Internet Routers Broadcast Ultrasonic Frequencies to Record Dreams,An anonymous hacker claims home internet routers contain hidden telepathic microphones that record household dreams and upload the data directly to shadow databases.,conspiracy,"September 12, 2026"
MAGIC TALISMAN: Leaked Tape Shows Officials Trading State Secrets for Good Luck Charms,A shocking audio recording exposes top bureaucrats consulting psychic astrologers and trading government classified dossiers for ancient enchanted good-luck talismans.,politics,"September 11, 2026"
WEATHER HOAX: Clouds Are Manufactured in Secret Underground Smoke Factories,Viral whistleblower videos claim weather systems and rain clouds are not natural but generated by massive smoke machines hidden beneath mountain ranges to control human mood.,conspiracy,"September 10, 2026"
INTERNET CRACKDOWN: Secret Treaty Makes It Illegal to Post Negative Reviews Online,Unverified blog posts claim global politicians signed a clandestine treaty imposing twenty-year prison sentences for anyone posting negative reviews or critical comments on social media.,politics,"September 09, 2026"
DRINKING BLEACH MIRACLE: Anonymous Online Healer Claims Bleach Destroys All Toxins,"Social media influencers urge followers to drink household bleach to purge viral toxins instantly, claiming medical doctors are hiding this easy miracle.",News,"September 08, 2026"
SUPERMARKET SCAM: Fast Food Chains Replaced Beef With 3D Printed Cardboard Paste,Anonymous whistleblowers claim popular burger chains stopped buying farm meat and now feed customers flavored cardboard cellulose paste generated by 3D printers.,News,"September 07, 2026"
