title,text,subject,date
Federal Reserve Holds Interest Rates Steady Amid Cooling Inflation Indicators,"WASHINGTON (Reuters) - The Federal Reserve held benchmark interest rates steady following a monetary policy meeting, citing moderating inflation metrics and stable employment figures.",politicsNews,"September 28, 2026"
United Nations General Assembly Adopts Global Digital Governance Resolution,NEW YORK (Reuters) - Member states of the United Nations voted in favor of a new international framework to ensure ethical deployment of artificial intelligence and safeguard digital infrastructure.,worldnews,"September 27, 2026"
Bipartisan Senate Coalition Introduces Comprehensive Infrastructure Modernization Act,"WASHINGTON (Reuters) - Lawmakers from both major political parties unveiled legislation allocating federal funding for highway repairs, railway enhancements, and municipal water purification facilities.",politicsNews,"September 26, 2026"
Prime Minister Addresses Parliament on Annual Economic Budget Proposals,"NEW DELHI (Reuters) - The Prime Minister presented the annual fiscal budget in parliament today, highlighting public investments in healthcare, national highways, education, and clean energy.",politicsNews,"September 25, 2026"
Supreme Court Issues Landmark Verdict on Environmental Protection Standards,"WASHINGTON (Reuters) - In a majority ruling, the Supreme Court affirmed the authority of environmental regulators to monitor industrial emissions and enforce clean water standards.",politicsNews,"September 24, 2026"
Electoral Commission Announces High Voter Turnout in National Parliamentary Elections,LONDON (Reuters) - Official election observers reported peaceful balloting with voter turnout exceeding 74% across all parliamentary constituencies under international monitoring.,worldnews,"September 23, 2026"
India and France Sign Defense Cooperation Treaty and Maritime Security Agreement,PARIS (Reuters) - Defense ministers from India and France finalized a strategic bilateral agreement expanding joint naval patrols and technology transfers in the Indo-Pacific region.,worldnews,"September 22, 2026"
Government Cabinet Approves National Renewable Solar Power Initiative,BERLIN (Reuters) - The federal cabinet approved a ten-year subsidy program designed to accelerate rooftop solar panel installations and smart grid integration across municipal districts.,politicsNews,"September 21, 2026"
NASA James Webb Space Telescope Detects Atmospheric Water Vapor on Rocky Exoplanet,CAPE CANAVERAL (Reuters) - Astronomers using the James Webb Space Telescope observed definitive spectral lines indicating atmospheric water vapor on a rocky terrestrial exoplanet.,techNews,"September 20, 2026"
NASA Launches Robotic Lander to Explore Ocean Plumes on Jupiter Moon Europa,PASADENA (Reuters) - NASA scientists launched an interplanetary probe to analyze water plumes and organic biosignatures erupting through the icy crust of Europa.,techNews,"September 19, 2026"
Researchers at Stanford University Publish Major Study on Sodium-Ion Battery Chemistry,"PALO ALTO (Reuters) - A research team at Stanford University published findings in Nature Energy demonstrating low-cost sodium-ion battery cells that retain 95% capacity after 3,000 cycles.",techNews,"September 18, 2026"
Semiconductor Manufacturers Begin Mass Production of 2-Nanometer Microprocessors,TAIPEI (Reuters) - Leading semiconductor fabrication facilities commenced commercial shipments of next-generation 2nm processor chips offering 35% higher energy efficiency.,techNews,"September 17, 2026"
International Fusion Reactor Achieves Sustained High-Energy Plasma Confinement,"MARSEILLE (Reuters) - Nuclear physicists achieved a milestone in magnetic confinement fusion, sustaining stable plasma temperatures exceeding 100 million degrees Celsius for twenty minutes.",techNews,"September 16, 2026"
Global Cyber Defense Taskforce Releases Standardized Heuristics Against Ransomware,WASHINGTON (Reuters) - Cybersecurity agencies from twenty countries issued joint technical guidelines outlining automated zero-trust protocols to neutralize distributed ransomware.,techNews,"September 15, 2026"
Stock Markets Rally as Consumer Price Index Confirms Moderating Inflation,NEW YORK (Reuters) - Major stock market indices rose sharply after the Bureau of Labor Statistics released consumer inflation data showing annual price increases slowing to target levels.,worldnews,"September 14, 2026"
Indian Economy Records 7.2 Percent GDP Growth Driven by Manufacturing and Services,"MUMBAI (Reuters) - Government statistics revealed robust quarterly economic expansion led by automotive assembly, capital goods production, and enterprise software exports.",worldnews,"September 13, 2026"
European Central Bank Announces Balanced Monetary Policy and Stable Lending Rates,"FRANKFURT (Reuters) - The European Central Bank kept benchmark deposit rates unchanged, projecting stable euro area economic growth supported by domestic consumption.",worldnews,"September 12, 2026"
International Trade Delegations Finalize Clean Marine Shipping Emission Standards,LONDON (Reuters) - Representatives from the International Maritime Organization agreed on mandatory low-carbon fuel mandates for commercial cargo vessels by 2035.,worldnews,"September 11, 2026"
World Health Organization Reports Successful Multi-Country Trials of Universal Flu Vaccine,GENEVA (Reuters) - Clinical trial data published in the Lancet demonstrated that a universal mRNA influenza vaccine provided 94% efficacy in preventing severe hospitalizations.,worldnews,"September 10, 2026"
FDA Grants Full Approval for Precision Targeted Oncology Immunotherapy,WASHINGTON (Reuters) - Regulatory authorities approved a novel antibody conjugate therapy for solid tumors following successful phase 3 clinical trials showing significant remission.,politicsNews,"September 09, 2026"
Epidemiologists Document Significant Decline in Vector-Borne Malaria Cases Globally,GENEVA (Reuters) - Public health initiatives and dual-antigen pediatric vaccine campaigns contributed to a 45% reduction in annual malaria transmission across several African nations.,worldnews,"September 08, 2026"
Medical University Hospital Validates Non-Invasive Blood Biomarker for Early Detection,BOSTON (Reuters) - Clinicians at Massachusetts General Hospital reported clinical accuracy in early screening of neurological conditions using circulating plasma biomarkers.,worldnews,"September 07, 2026"
Federal Reserve Holds Interest Rates Steady Amid Cooling Inflation Indicators,"WASHINGTON (Reuters) - The Federal Reserve held benchmark interest rates steady following a monetary policy meeting, citing moderating inflation metrics and stable employment figures.",politicsNews,"September 28, 2026"
United Nations General Assembly Adopts Global Digital Governance Resolution,NEW YORK (Reuters) - Member states of the United Nations voted in favor of a new international framework to ensure ethical deployment of artificial intelligence and safeguard digital infrastructure.,worldnews,"September 27, 2026"
Bipartisan Senate Coalition Introduces Comprehensive Infrastructure Modernization Act,"WASHINGTON (Reuters) - Lawmakers from both major political parties unveiled legislation allocating federal funding for highway repairs, railway enhancements, and municipal water purification facilities.",politicsNews,"September 26, 2026"
Prime Minister Addresses Parliament on Annual Economic Budget Proposals,"NEW DELHI (Reuters) - The Prime Minister presented the annual fiscal budget in parliament today, highlighting public investments in healthcare, national highways, education, and clean energy.",politicsNews,"September 25, 2026"
Supreme Court Issues Landmark Verdict on Environmental Protection Standards,"WASHINGTON (Reuters) - In a majority ruling, the Supreme Court affirmed the authority of environmental regulators to monitor industrial emissions and enforce clean water standards.",politicsNews,"September 24, 2026"
Electoral Commission Announces High Voter Turnout in National Parliamentary Elections,LONDON (Reuters) - Official election observers reported peaceful balloting with voter turnout exceeding 74% across all parliamentary constituencies under international monitoring.,worldnews,"September 23, 2026"
India and France Sign Defense Cooperation Treaty and Maritime Security Agreement,PARIS (Reuters) - Defense ministers from India and France finalized a strategic bilateral agreement expanding joint naval patrols and technology transfers in the Indo-Pacific region.,worldnews,"September 22, 2026"
Government Cabinet Approves National Renewable Solar Power Initiative,BERLIN (Reuters) - The federal cabinet approved a ten-year subsidy program designed to accelerate rooftop solar panel installations and smart grid integration across municipal districts.,politicsNews,"September 21, 2026"
NASA James Webb Space Telescope Detects Atmospheric Water Vapor on Rocky Exoplanet,CAPE CANAVERAL (Reuters) - Astronomers using the James Webb Space Telescope observed definitive spectral lines indicating atmospheric water vapor on a rocky terrestrial exoplanet.,techNews,"September 20, 2026"
NASA Launches Robotic Lander to Explore Ocean Plumes on Jupiter Moon Europa,PASADENA (Reuters) - NASA scientists launched an interplanetary probe to analyze water plumes and organic biosignatures erupting through the icy crust of Europa.,techNews,"September 19, 2026"
Researchers at Stanford University Publish Major Study on Sodium-Ion Battery Chemistry,"PALO ALTO (Reuters) - A research team at Stanford University published findings in Nature Energy demonstrating low-cost sodium-ion battery cells that retain 95% capacity after 3,000 cycles.",techNews,"September 18, 2026"
Semiconductor Manufacturers Begin Mass Production of 2-Nanometer Microprocessors,TAIPEI (Reuters) - Leading semiconductor fabrication facilities commenced commercial shipments of next-generation 2nm processor chips offering 35% higher energy efficiency.,techNews,"September 17, 2026"
International Fusion Reactor Achieves Sustained High-Energy Plasma Confinement,"MARSEILLE (Reuters) - Nuclear physicists achieved a milestone in magnetic confinement fusion, sustaining stable plasma temperatures exceeding 100 million degrees Celsius for twenty minutes.",techNews,"September 16, 2026"
Global Cyber Defense Taskforce Releases Standardized Heuristics Against Ransomware,WASHINGTON (Reuters) - Cybersecurity agencies from twenty countries issued joint technical guidelines outlining automated zero-trust protocols to neutralize distributed ransomware.,techNews,"September 15, 2026"
Stock Markets Rally as Consumer Price Index Confirms Moderating Inflation,NEW YORK (Reuters) - Major stock market indices rose sharply after the Bureau of Labor Statistics released consumer inflation data showing annual price increases slowing to target levels.,worldnews,"September 14, 2026"
Indian Economy Records 7.2 Percent GDP Growth Driven by Manufacturing and Services,"MUMBAI (Reuters) - Government statistics revealed robust quarterly economic expansion led by automotive assembly, capital goods production, and enterprise software exports.",worldnews,"September 13, 2026"
European Central Bank Announces Balanced Monetary Policy and Stable Lending Rates,"FRANKFURT (Reuters) - The European Central Bank kept benchmark deposit rates unchanged, projecting stable euro area economic growth supported by domestic consumption.",worldnews,"September 12, 2026"
International Trade Delegations Finalize Clean Marine Shipping Emission Standards,LONDON (Reuters) - Representatives from the International Maritime Organization agreed on mandatory low-carbon fuel mandates for commercial cargo vessels by 2035.,worldnews,"September 11, 2026"
World Health Organization Reports Successful Multi-Country Trials of Universal Flu Vaccine,GENEVA (Reuters) - Clinical trial data published in the Lancet demonstrated that a universal mRNA influenza vaccine provided 94% efficacy in preventing severe hospitalizations.,worldnews,"September 10, 2026"
FDA Grants Full Approval for Precision Targeted Oncology Immunotherapy,WASHINGTON (Reuters) - Regulatory authorities approved a novel antibody conjugate therapy for solid tumors following successful phase 3 clinical trials showing significant remission.,politicsNews,"September 09, 2026"
Epidemiologists Document Significant Decline in Vector-Borne Malaria Cases Globally,GENEVA (Reuters) - Public health initiatives and dual-antigen pediatric vaccine campaigns contributed to a 45% reduction in annual malaria transmission across several African nations.,worldnews,"September 08, 2026"
Medical University Hospital Validates Non-Invasive Blood Biomarker for Early Detection,BOSTON (Reuters) - Clinicians at Massachusetts General Hospital reported clinical accuracy in early screening of neurological conditions using circulating plasma biomarkers.,worldnews,"September 07, 2026"
Federal Reserve Holds Interest Rates Steady Amid Cooling Inflation Indicators,"WASHINGTON (Reuters) - The Federal Reserve held benchmark interest rates steady following a monetary policy meeting, citing moderating inflation metrics and stable employment figures.",politicsNews,"September 28, 2026"
United Nations General Assembly Adopts Global Digital Governance Resolution,NEW YORK (Reuters) - Member states of the United Nations voted in favor of a new international framework to ensure ethical deployment of artificial intelligence and safeguard digital infrastructure.,worldnews,"September 27, 2026"
Bipartisan Senate Coalition Introduces Comprehensive Infrastructure Modernization Act,"WASHINGTON (Reuters) - Lawmakers from both major political parties unveiled legislation allocating federal funding for highway repairs, railway enhancements, and municipal water purification facilities.",politicsNews,"September 26, 2026"
Prime Minister Addresses Parliament on Annual Economic Budget Proposals,"NEW DELHI (Reuters) - The Prime Minister presented the annual fiscal budget in parliament today, highlighting public investments in healthcare, national highways, education, and clean energy.",politicsNews,"September 25, 2026"
Supreme Court Issues Landmark Verdict on Environmental Protection Standards,"WASHINGTON (Reuters) - In a majority ruling, the Supreme Court affirmed the authority of environmental regulators to monitor industrial emissions and enforce clean water standards.",politicsNews,"September 24, 2026"
Electoral Commission Announces High Voter Turnout in National Parliamentary Elections,LONDON (Reuters) - Official election observers reported peaceful balloting with voter turnout exceeding 74% across all parliamentary constituencies under international monitoring.,worldnews,"September 23, 2026"
India and France Sign Defense Cooperation Treaty and Maritime Security Agreement,PARIS (Reuters) - Defense ministers from India and France finalized a strategic bilateral agreement expanding joint naval patrols and technology transfers in the Indo-Pacific region.,worldnews,"September 22, 2026"
Government Cabinet Approves National Renewable Solar Power Initiative,BERLIN (Reuters) - The federal cabinet approved a ten-year subsidy program designed to accelerate rooftop solar panel installations and smart grid integration across municipal districts.,politicsNews,"September 21, 2026"
NASA James Webb Space Telescope Detects Atmospheric Water Vapor on Rocky Exoplanet,CAPE CANAVERAL (Reuters) - Astronomers using the James Webb Space Telescope observed definitive spectral lines indicating atmospheric water vapor on a rocky terrestrial exoplanet.,techNews,"September 20, 2026"
NASA Launches Robotic Lander to Explore Ocean Plumes on Jupiter Moon Europa,PASADENA (Reuters) - NASA scientists launched an interplanetary probe to analyze water plumes and organic biosignatures erupting through the icy crust of Europa.,techNews,"September 19, 2026"
Researchers at Stanford University Publish Major Study on Sodium-Ion Battery Chemistry,"PALO ALTO (Reuters) - A research team at Stanford University published findings in Nature Energy demonstrating low-cost sodium-ion battery cells that retain 95% capacity after 3,000 cycles.",techNews,"September 18, 2026"
Semiconductor Manufacturers Begin Mass Production of 2-Nanometer Microprocessors,TAIPEI (Reuters) - Leading semiconductor fabrication facilities commenced commercial shipments of next-generation 2nm processor chips offering 35% higher energy efficiency.,techNews,"September 17, 2026"
International Fusion Reactor Achieves Sustained High-Energy Plasma Confinement,"MARSEILLE (Reuters) - Nuclear physicists achieved a milestone in magnetic confinement fusion, sustaining stable plasma temperatures exceeding 100 million degrees Celsius for twenty minutes.",techNews,"September 16, 2026"
Global Cyber Defense Taskforce Releases Standardized Heuristics Against Ransomware,WASHINGTON (Reuters) - Cybersecurity agencies from twenty countries issued joint technical guidelines outlining automated zero-trust protocols to neutralize distributed ransomware.,techNews,"September 15, 2026"
Stock Markets Rally as Consumer Price Index Confirms Moderating Inflation,NEW YORK (Reuters) - Major stock market indices rose sharply after the Bureau of Labor Statistics released consumer inflation data showing annual price increases slowing to target levels.,worldnews,"September 14, 2026"
Indian Economy Records 7.2 Percent GDP Growth Driven by Manufacturing and Services,"MUMBAI (Reuters) - Government statistics revealed robust quarterly economic expansion led by automotive assembly, capital goods production, and enterprise software exports.",worldnews,"September 13, 2026"
European Central Bank Announces Balanced Monetary Policy and Stable Lending Rates,"FRANKFURT (Reuters) - The European Central Bank kept benchmark deposit rates unchanged, projecting stable euro area economic growth supported by domestic consumption.",worldnews,"September 12, 2026"
International Trade Delegations Finalize Clean Marine Shipping Emission Standards,LONDON (Reuters) - Representatives from the International Maritime Organization agreed on mandatory low-carbon fuel mandates for commercial cargo vessels by 2035.,worldnews,"September 11, 2026"
World Health Organization Reports Successful Multi-Country Trials of Universal Flu Vaccine,GENEVA (Reuters) - Clinical trial data published in the Lancet demonstrated that a universal mRNA influenza vaccine provided 94% efficacy in preventing severe hospitalizations.,worldnews,"September 10, 2026"
FDA Grants Full Approval for Precision Targeted Oncology Immunotherapy,WASHINGTON (Reuters) - Regulatory authorities approved a novel antibody conjugate therapy for solid tumors following successful phase 3 clinical trials showing significant remission.,politicsNews,"September 09, 2026"
Epidemiologists Document Significant Decline in Vector-Borne Malaria Cases Globally,GENEVA (Reuters) - Public health initiatives and dual-antigen pediatric vaccine campaigns contributed to a 45% reduction in annual malaria transmission across several African nations.,worldnews,"September 08, 2026"
Medical University Hospital Validates Non-Invasive Blood Biomarker for Early Detection,BOSTON (Reuters) - Clinicians at Massachusetts General Hospital reported clinical accuracy in early screening of neurological conditions using circulating plasma biomarkers.,worldnews,"September 07, 2026"
Federal Reserve Holds Interest Rates Steady Amid Cooling Inflation Indicators,"WASHINGTON (Reuters) - The Federal Reserve held benchmark interest rates steady following a monetary policy meeting, citing moderating inflation metrics and stable employment figures.",politicsNews,"September 28, 2026"
United Nations General Assembly Adopts Global Digital Governance Resolution,NEW YORK (Reuters) - Member states of the United Nations voted in favor of a new international framework to ensure ethical deployment of artificial intelligence and safeguard digital infrastructure.,worldnews,"September 27, 2026"
Bipartisan Senate Coalition Introduces Comprehensive Infrastructure Modernization Act,"WASHINGTON (Reuters) - Lawmakers from both major political parties unveiled legislation allocating federal funding for highway repairs, railway enhancements, and municipal water purification facilities.",politicsNews,"September 26, 2026"
Prime Minister Addresses Parliament on Annual Economic Budget Proposals,"NEW DELHI (Reuters) - The Prime Minister presented the annual fiscal budget in parliament today, highlighting public investments in healthcare, national highways, education, and clean energy.",politicsNews,"September 25, 2026"
Supreme Court Issues Landmark Verdict on Environmental Protection Standards,"WASHINGTON (Reuters) - In a majority ruling, the Supreme Court affirmed the authority of environmental regulators to monitor industrial emissions and enforce clean water standards.",politicsNews,"September 24, 2026"
Electoral Commission Announces High Voter Turnout in National Parliamentary Elections,LONDON (Reuters) - Official election observers reported peaceful balloting with voter turnout exceeding 74% across all parliamentary constituencies under international monitoring.,worldnews,"September 23, 2026"
India and France Sign Defense Cooperation Treaty and Maritime Security Agreement,PARIS (Reuters) - Defense ministers from India and France finalized a strategic bilateral agreement expanding joint naval patrols and technology transfers in the Indo-Pacific region.,worldnews,"September 22, 2026"
Government Cabinet Approves National Renewable Solar Power Initiative,BERLIN (Reuters) - The federal cabinet approved a ten-year subsidy program designed to accelerate rooftop solar panel installations and smart grid integration across municipal districts.,politicsNews,"September 21, 2026"
NASA James Webb Space Telescope Detects Atmospheric Water Vapor on Rocky Exoplanet,CAPE CANAVERAL (Reuters) - Astronomers using the James Webb Space Telescope observed definitive spectral lines indicating atmospheric water vapor on a rocky terrestrial exoplanet.,techNews,"September 20, 2026"
NASA Launches Robotic Lander to Explore Ocean Plumes on Jupiter Moon Europa,PASADENA (Reuters) - NASA scientists launched an interplanetary probe to analyze water plumes and organic biosignatures erupting through the icy crust of Europa.,techNews,"September 19, 2026"
Researchers at Stanford University Publish Major Study on Sodium-Ion Battery Chemistry,"PALO ALTO (Reuters) - A research team at Stanford University published findings in Nature Energy demonstrating low-cost sodium-ion battery cells that retain 95% capacity after 3,000 cycles.",techNews,"September 18, 2026"
Semiconductor Manufacturers Begin Mass Production of 2-Nanometer Microprocessors,TAIPEI (Reuters) - Leading semiconductor fabrication facilities commenced commercial shipments of next-generation 2nm processor chips offering 35% higher energy efficiency.,techNews,"September 17, 2026"
International Fusion Reactor Achieves Sustained High-Energy Plasma Confinement,"MARSEILLE (Reuters) - Nuclear physicists achieved a milestone in magnetic confinement fusion, sustaining stable plasma temperatures exceeding 100 million degrees Celsius for twenty minutes.",techNews,"September 16, 2026"
Global Cyber Defense Taskforce Releases Standardized Heuristics Against Ransomware,WASHINGTON (Reuters) - Cybersecurity agencies from twenty countries issued joint technical guidelines outlining automated zero-trust protocols to neutralize distributed ransomware.,techNews,"September 15, 2026"
Stock Markets Rally as Consumer Price Index Confirms Moderating Inflation,NEW YORK (Reuters) - Major stock market indices rose sharply after the Bureau of Labor Statistics released consumer inflation data showing annual price increases slowing to target levels.,worldnews,"September 14, 2026"
Indian Economy Records 7.2 Percent GDP Growth Driven by Manufacturing and Services,"MUMBAI (Reuters) - Government statistics revealed robust quarterly economic expansion led by automotive assembly, capital goods production, and enterprise software exports.",worldnews,"September 13, 2026"
European Central Bank Announces Balanced Monetary Policy and Stable Lending Rates,"FRANKFURT (Reuters) - The European Central Bank kept benchmark deposit rates unchanged, projecting stable euro area economic growth supported by domestic consumption.",worldnews,"September 12, 2026"
International Trade Delegations Finalize Clean Marine Shipping Emission Standards,LONDON (Reuters) - Representatives from the International Maritime Organization agreed on mandatory low-carbon fuel mandates for commercial cargo vessels by 2035.,worldnews,"September 11, 2026"
World Health Organization Reports Successful Multi-Country Trials of Universal Flu Vaccine,GENEVA (Reuters) - Clinical trial data published in the Lancet demonstrated that a universal mRNA influenza vaccine provided 94% efficacy in preventing severe hospitalizations.,worldnews,"September 10, 2026"
FDA Grants Full Approval for Precision Targeted Oncology Immunotherapy,WASHINGTON (Reuters) - Regulatory authorities approved a novel antibody conjugate therapy for solid tumors following successful phase 3 clinical trials showing significant remission.,politicsNews,"September 09, 2026"
Epidemiologists Document Significant Decline in Vector-Borne Malaria Cases Globally,GENEVA (Reuters) - Public health initiatives and dual-antigen pediatric vaccine campaigns contributed to a 45% reduction in annual malaria transmission across several African nations.,worldnews,"September 08, 2026"
Medical University Hospital Validates Non-Invasive Blood Biomarker for Early Detection,BOSTON (Reuters) - Clinicians at Massachusetts General Hospital reported clinical accuracy in early screening of neurological conditions using circulating plasma biomarkers.,worldnews,"September 07, 2026"
Federal Reserve Holds Interest Rates Steady Amid Cooling Inflation Indicators,"WASHINGTON (Reuters) - The Federal Reserve held benchmark interest rates steady following a monetary policy meeting, citing moderating inflation metrics and stable employment figures.",politicsNews,"September 28, 2026"
United Nations General Assembly Adopts Global Digital Governance Resolution,NEW YORK (Reuters) - Member states of the United Nations voted in favor of a new international framework to ensure ethical deployment of artificial intelligence and safeguard digital infrastructure.,worldnews,"September 27, 2026"
Bipartisan Senate Coalition Introduces Comprehensive Infrastructure Modernization Act,"WASHINGTON (Reuters) - Lawmakers from both major political parties unveiled legislation allocating federal funding for highway repairs, railway enhancements, and municipal water purification facilities.",politicsNews,"September 26, 2026"
Prime Minister Addresses Parliament on Annual Economic Budget Proposals,"NEW DELHI (Reuters) - The Prime Minister presented the annual fiscal budget in parliament today, highlighting public investments in healthcare, national highways, education, and clean energy.",politicsNews,"September 25, 2026"
Supreme Court Issues Landmark Verdict on Environmental Protection Standards,"WASHINGTON (Reuters) - In a majority ruling, the Supreme Court affirmed the authority of environmental regulators to monitor industrial emissions and enforce clean water standards.",politicsNews,"September 24, 2026"
Electoral Commission Announces High Voter Turnout in National Parliamentary Elections,LONDON (Reuters) - Official election observers reported peaceful balloting with voter turnout exceeding 74% across all parliamentary constituencies under international monitoring.,worldnews,"September 23, 2026"
India and France Sign Defense Cooperation Treaty and Maritime Security Agreement,PARIS (Reuters) - Defense ministers from India and France finalized a strategic bilateral agreement expanding joint naval patrols and technology transfers in the Indo-Pacific region.,worldnews,"September 22, 2026"
Government Cabinet Approves National Renewable Solar Power Initiative,BERLIN (Reuters) - The federal cabinet approved a ten-year subsidy program designed to accelerate rooftop solar panel installations and smart grid integration across municipal districts.,politicsNews,"September 21, 2026"
NASA James Webb Space Telescope Detects Atmospheric Water Vapor on Rocky Exoplanet,CAPE CANAVERAL (Reuters) - Astronomers using the James Webb Space Telescope observed definitive spectral lines indicating atmospheric water vapor on a rocky terrestrial exoplanet.,techNews,"September 20, 2026"
NASA Launches Robotic Lander to Explore Ocean Plumes on Jupiter Moon Europa,PASADENA (Reuters) - NASA scientists launched an interplanetary probe to analyze water plumes and organic biosignatures erupting through the icy crust of Europa.,techNews,"September 19, 2026"
Researchers at Stanford University Publish Major Study on Sodium-Ion Battery Chemistry,"PALO ALTO (Reuters) - A research team at Stanford University published findings in Nature Energy demonstrating low-cost sodium-ion battery cells that retain 95% capacity after 3,000 cycles.",techNews,"September 18, 2026"
Semiconductor Manufacturers Begin Mass Production of 2-Nanometer Microprocessors,TAIPEI (Reuters) - Leading semiconductor fabrication facilities commenced commercial shipments of next-generation 2nm processor chips offering 35% higher energy efficiency.,techNews,"September 17, 2026"
International Fusion Reactor Achieves Sustained High-Energy Plasma Confinement,"MARSEILLE (Reuters) - Nuclear physicists achieved a milestone in magnetic confinement fusion, sustaining stable plasma temperatures exceeding 100 million degrees Celsius for twenty minutes.",techNews,"September 16, 2026"
Global Cyber Defense Taskforce Releases Standardized Heuristics Against Ransomware,WASHINGTON (Reuters) - Cybersecurity agencies from twenty countries issued joint technical guidelines outlining automated zero-trust protocols to neutralize distributed ransomware.,techNews,"September 15, 2026"
Stock Markets Rally as Consumer Price Index Confirms Moderating Inflation,NEW YORK (Reuters) - Major stock market indices rose sharply after the Bureau of Labor Statistics released consumer inflation data showing annual price increases slowing to target levels.,worldnews,"September 14, 2026"
Indian Economy Records 7.2 Percent GDP Growth Driven by Manufacturing and Services,"MUMBAI (Reuters) - Government statistics revealed robust quarterly economic expansion led by automotive assembly, capital goods production, and enterprise software exports.",worldnews,"September 13, 2026"
European Central Bank Announces Balanced Monetary Policy and Stable Lending Rates,"FRANKFURT (Reuters) - The European Central Bank kept benchmark deposit rates unchanged, projecting stable euro area economic growth supported by domestic consumption.",worldnews,"September 12, 2026"
International Trade Delegations Finalize Clean Marine Shipping Emission Standards,LONDON (Reuters) - Representatives from the International Maritime Organization agreed on mandatory low-carbon fuel mandates for commercial cargo vessels by 2035.,worldnews,"September 11, 2026"
World Health Organization Reports Successful Multi-Country Trials of Universal Flu Vaccine,GENEVA (Reuters) - Clinical trial data published in the Lancet demonstrated that a universal mRNA influenza vaccine provided 94% efficacy in preventing severe hospitalizations.,worldnews,"September 10, 2026"
FDA Grants Full Approval for Precision Targeted Oncology Immunotherapy,WASHINGTON (Reuters) - Regulatory authorities approved a novel antibody conjugate therapy for solid tumors following successful phase 3 clinical trials showing significant remission.,politicsNews,"September 09, 2026"
Epidemiologists Document Significant Decline in Vector-Borne Malaria Cases Globally,GENEVA (Reuters) - Public health initiatives and dual-antigen pediatric vaccine campaigns contributed to a 45% reduction in annual malaria transmission across several African nations.,worldnews,"September 08, 2026"
Medical University Hospital Validates Non-Invasive Blood Biomarker for Early Detection,BOSTON (Reuters) - Clinicians at Massachusetts General Hospital reported clinical accuracy in early screening of neurological conditions using circulating plasma biomarkers.,worldnews,"September 07, 2026"
Federal Reserve Holds Interest Rates Steady Amid Cooling Inflation Indicators,"WASHINGTON (Reuters) - The Federal Reserve held benchmark interest rates steady following a monetary policy meeting, citing moderating inflation metrics and stable employment figures.",politicsNews,"September 28, 2026"
United Nations General Assembly Adopts Global Digital Governance Resolution,NEW YORK (Reuters) - Member states of the United Nations voted in favor of a new international framework to ensure ethical deployment of artificial intelligence and safeguard digital infrastructure.,worldnews,"September 27, 2026"
Bipartisan Senate Coalition Introduces Comprehensive Infrastructure Modernization Act,"WASHINGTON (Reuters) - Lawmakers from both major political parties unveiled legislation allocating federal funding for highway repairs, railway enhancements, and municipal water purification facilities.",politicsNews,"September 26, 2026"
Prime Minister Addresses Parliament on Annual Economic Budget Proposals,"NEW DELHI (Reuters) - The Prime Minister presented the annual fiscal budget in parliament today, highlighting public investments in healthcare, national highways, education, and clean energy.",politicsNews,"September 25, 2026"
Supreme Court Issues Landmark Verdict on Environmental Protection Standards,"WASHINGTON (Reuters) - In a majority ruling, the Supreme Court affirmed the authority of environmental regulators to monitor industrial emissions and enforce clean water standards.",politicsNews,"September 24, 2026"
Electoral Commission Announces High Voter Turnout in National Parliamentary Elections,LONDON (Reuters) - Official election observers reported peaceful balloting with voter turnout exceeding 74% across all parliamentary constituencies under international monitoring.,worldnews,"September 23, 2026"
India and France Sign Defense Cooperation Treaty and Maritime Security Agreement,PARIS (Reuters) - Defense ministers from India and France finalized a strategic bilateral agreement expanding joint naval patrols and technology transfers in the Indo-Pacific region.,worldnews,"September 22, 2026"
Government Cabinet Approves National Renewable Solar Power Initiative,BERLIN (Reuters) - The federal cabinet approved a ten-year subsidy program designed to accelerate rooftop solar panel installations and smart grid integration across municipal districts.,politicsNews,"September 21, 2026"
NASA James Webb Space Telescope Detects Atmospheric Water Vapor on Rocky Exoplanet,CAPE CANAVERAL (Reuters) - Astronomers using the James Webb Space Telescope observed definitive spectral lines indicating atmospheric water vapor on a rocky terrestrial exoplanet.,techNews,"September 20, 2026"
NASA Launches Robotic Lander to Explore Ocean Plumes on Jupiter Moon Europa,PASADENA (Reuters) - NASA scientists launched an interplanetary probe to analyze water plumes and organic biosignatures erupting through the icy crust of Europa.,techNews,"September 19, 2026"
Researchers at Stanford University Publish Major Study on Sodium-Ion Battery Chemistry,"PALO ALTO (Reuters) - A research team at Stanford University published findings in Nature Energy demonstrating low-cost sodium-ion battery cells that retain 95% capacity after 3,000 cycles.",techNews,"September 18, 2026"
Semiconductor Manufacturers Begin Mass Production of 2-Nanometer Microprocessors,TAIPEI (Reuters) - Leading semiconductor fabrication facilities commenced commercial shipments of next-generation 2nm processor chips offering 35% higher energy efficiency.,techNews,"September 17, 2026"
International Fusion Reactor Achieves Sustained High-Energy Plasma Confinement,"MARSEILLE (Reuters) - Nuclear physicists achieved a milestone in magnetic confinement fusion, sustaining stable plasma temperatures exceeding 100 million degrees Celsius for twenty minutes.",techNews,"September 16, 2026"
Global Cyber Defense Taskforce Releases Standardized Heuristics Against Ransomware,WASHINGTON (Reuters) - Cybersecurity agencies from twenty countries issued joint technical guidelines outlining automated zero-trust protocols to neutralize distributed ransomware.,techNews,"September 15, 2026"
Stock Markets Rally as Consumer Price Index Confirms Moderating Inflation,NEW YORK (Reuters) - Major stock market indices rose sharply after the Bureau of Labor Statistics released consumer inflation data showing annual price increases slowing to target levels.,worldnews,"September 14, 2026"
Indian Economy Records 7.2 Percent GDP Growth Driven by Manufacturing and Services,"MUMBAI (Reuters) - Government statistics revealed robust quarterly economic expansion led by automotive assembly, capital goods production, and enterprise software exports.",worldnews,"September 13, 2026"
European Central Bank Announces Balanced Monetary Policy and Stable Lending Rates,"FRANKFURT (Reuters) - The European Central Bank kept benchmark deposit rates unchanged, projecting stable euro area economic growth supported by domestic consumption.",worldnews,"September 12, 2026"
International Trade Delegations Finalize Clean Marine Shipping Emission Standards,LONDON (Reuters) - Representatives from the International Maritime Organization agreed on mandatory low-carbon fuel mandates for commercial cargo vessels by 2035.,worldnews,"September 11, 2026"
World Health Organization Reports Successful Multi-Country Trials of Universal Flu Vaccine,GENEVA (Reuters) - Clinical trial data published in the Lancet demonstrated that a universal mRNA influenza vaccine provided 94% efficacy in preventing severe hospitalizations.,worldnews,"September 10, 2026"
FDA Grants Full Approval for Precision Targeted Oncology Immunotherapy,WASHINGTON (Reuters) - Regulatory authorities approved a novel antibody conjugate therapy for solid tumors following successful phase 3 clinical trials showing significant remission.,politicsNews,"September 09, 2026"
Epidemiologists Document Significant Decline in Vector-Borne Malaria Cases Globally,GENEVA (Reuters) - Public health initiatives and dual-antigen pediatric vaccine campaigns contributed to a 45% reduction in annual malaria transmission across several African nations.,worldnews,"September 08, 2026"
Medical University Hospital Validates Non-Invasive Blood Biomarker for Early Detection,BOSTON (Reuters) - Clinicians at Massachusetts General Hospital reported clinical accuracy in early screening of neurological conditions using circulating plasma biomarkers.,worldnews,"September 07, 2026"
Federal Reserve Holds Interest Rates Steady Amid Cooling Inflation Indicators,"WASHINGTON (Reuters) - The Federal Reserve held benchmark interest rates steady following a monetary policy meeting, citing moderating inflation metrics and stable employment figures.",politicsNews,"September 28, 2026"
United Nations General Assembly Adopts Global Digital Governance Resolution,NEW YORK (Reuters) - Member states of the United Nations voted in favor of a new international framework to ensure ethical deployment of artificial intelligence and safeguard digital infrastructure.,worldnews,"September 27, 2026"
Bipartisan Senate Coalition Introduces Comprehensive Infrastructure Modernization Act,"WASHINGTON (Reuters) - Lawmakers from both major political parties unveiled legislation allocating federal funding for highway repairs, railway enhancements, and municipal water purification facilities.",politicsNews,"September 26, 2026"
Prime Minister Addresses Parliament on Annual Economic Budget Proposals,"NEW DELHI (Reuters) - The Prime Minister presented the annual fiscal budget in parliament today, highlighting public investments in healthcare, national highways, education, and clean energy.",politicsNews,"September 25, 2026"
Supreme Court Issues Landmark Verdict on Environmental Protection Standards,"WASHINGTON (Reuters) - In a majority ruling, the Supreme Court affirmed the authority of environmental regulators to monitor industrial emissions and enforce clean water standards.",politicsNews,"September 24, 2026"
Electoral Commission Announces High Voter Turnout in National Parliamentary Elections,LONDON (Reuters) - Official election observers reported peaceful balloting with voter turnout exceeding 74% across all parliamentary constituencies under international monitoring.,worldnews,"September 23, 2026"
India and France Sign Defense Cooperation Treaty and Maritime Security Agreement,PARIS (Reuters) - Defense ministers from India and France finalized a strategic bilateral agreement expanding joint naval patrols and technology transfers in the Indo-Pacific region.,worldnews,"September 22, 2026"
Government Cabinet Approves National Renewable Solar Power Initiative,BERLIN (Reuters) - The federal cabinet approved a ten-year subsidy program designed to accelerate rooftop solar panel installations and smart grid integration across municipal districts.,politicsNews,"September 21, 2026"
NASA James Webb Space Telescope Detects Atmospheric Water Vapor on Rocky Exoplanet,CAPE CANAVERAL (Reuters) - Astronomers using the James Webb Space Telescope observed definitive spectral lines indicating atmospheric water vapor on a rocky terrestrial exoplanet.,techNews,"September 20, 2026"
NASA Launches Robotic Lander to Explore Ocean Plumes on Jupiter Moon Europa,PASADENA (Reuters) - NASA scientists launched an interplanetary probe to analyze water plumes and organic biosignatures erupting through the icy crust of Europa.,techNews,"September 19, 2026"
Researchers at Stanford University Publish Major Study on Sodium-Ion Battery Chemistry,"PALO ALTO (Reuters) - A research team at Stanford University published findings in Nature Energy demonstrating low-cost sodium-ion battery cells that retain 95% capacity after 3,000 cycles.",techNews,"September 18, 2026"
Semiconductor Manufacturers Begin Mass Production of 2-Nanometer Microprocessors,TAIPEI (Reuters) - Leading semiconductor fabrication facilities commenced commercial shipments of next-generation 2nm processor chips offering 35% higher energy efficiency.,techNews,"September 17, 2026"
International Fusion Reactor Achieves Sustained High-Energy Plasma Confinement,"MARSEILLE (Reuters) - Nuclear physicists achieved a milestone in magnetic confinement fusion, sustaining stable plasma temperatures exceeding 100 million degrees Celsius for twenty minutes.",techNews,"September 16, 2026"
Global Cyber Defense Taskforce Releases Standardized Heuristics Against Ransomware,WASHINGTON (Reuters) - Cybersecurity agencies from twenty countries issued joint technical guidelines outlining automated zero-trust protocols to neutralize distributed ransomware.,techNews,"September 15, 2026"
Stock Markets Rally as Consumer Price Index Confirms Moderating Inflation,NEW YORK (Reuters) - Major stock market indices rose sharply after the Bureau of Labor Statistics released consumer inflation data showing annual price increases slowing to target levels.,worldnews,"September 14, 2026"
Indian Economy Records 7.2 Percent GDP Growth Driven by Manufacturing and Services,"MUMBAI (Reuters) - Government statistics revealed robust quarterly economic expansion led by automotive assembly, capital goods production, and enterprise software exports.",worldnews,"September 13, 2026"
European Central Bank Announces Balanced Monetary Policy and Stable Lending Rates,"FRANKFURT (Reuters) - The European Central Bank kept benchmark deposit rates unchanged, projecting stable euro area economic growth supported by domestic consumption.",worldnews,"September 12, 2026"
International Trade Delegations Finalize Clean Marine Shipping Emission Standards,LONDON (Reuters) - Representatives from the International Maritime Organization agreed on mandatory low-carbon fuel mandates for commercial cargo vessels by 2035.,worldnews,"September 11, 2026"
World Health Organization Reports Successful Multi-Country Trials of Universal Flu Vaccine,GENEVA (Reuters) - Clinical trial data published in the Lancet demonstrated that a universal mRNA influenza vaccine provided 94% efficacy in preventing severe hospitalizations.,worldnews,"September 10, 2026"
FDA Grants Full Approval for Precision Targeted Oncology Immunotherapy,WASHINGTON (Reuters) - Regulatory authorities approved a novel antibody conjugate therapy for solid tumors following successful phase 3 clinical trials showing significant remission.,politicsNews,"September 09, 2026"
Epidemiologists Document Significant Decline in Vector-Borne Malaria Cases Globally,GENEVA (Reuters) - Public health initiatives and dual-antigen pediatric vaccine campaigns contributed to a 45% reduction in annual malaria transmission across several African nations.,worldnews,"September 08, 2026"
Medical University Hospital Validates Non-Invasive Blood Biomarker for Early Detection,BOSTON (Reuters) - Clinicians at Massachusetts General Hospital reported clinical accuracy in early screening of neurological conditions using circulating plasma biomarkers.,worldnews,"September 07, 2026"
Federal Reserve Holds Interest Rates Steady Amid Cooling Inflation Indicators,"WASHINGTON (Reuters) - The Federal Reserve held benchmark interest rates steady following a monetary policy meeting, citing moderating inflation metrics and stable employment figures.",politicsNews,"September 28, 2026"
United Nations General Assembly Adopts Global Digital Governance Resolution,NEW YORK (Reuters) - Member states of the United Nations voted in favor of a new international framework to ensure ethical deployment of artificial intelligence and safeguard digital infrastructure.,worldnews,"September 27, 2026"
Bipartisan Senate Coalition Introduces Comprehensive Infrastructure Modernization Act,"WASHINGTON (Reuters) - Lawmakers from both major political parties unveiled legislation allocating federal funding for highway repairs, railway enhancements, and municipal water purification facilities.",politicsNews,"September 26, 2026"
Prime Minister Addresses Parliament on Annual Economic Budget Proposals,"NEW DELHI (Reuters) - The Prime Minister presented the annual fiscal budget in parliament today, highlighting public investments in healthcare, national highways, education, and clean energy.",politicsNews,"September 25, 2026"
Supreme Court Issues Landmark Verdict on Environmental Protection Standards,"WASHINGTON (Reuters) - In a majority ruling, the Supreme Court affirmed the authority of environmental regulators to monitor industrial emissions and enforce clean water standards.",politicsNews,"September 24, 2026"
Electoral Commission Announces High Voter Turnout in National Parliamentary Elections,LONDON (Reuters) - Official election observers reported peaceful balloting with voter turnout exceeding 74% across all parliamentary constituencies under international monitoring.,worldnews,"September 23, 2026"
India and France Sign Defense Cooperation Treaty and Maritime Security Agreement,PARIS (Reuters) - Defense ministers from India and France finalized a strategic bilateral agreement expanding joint naval patrols and technology transfers in the Indo-Pacific region.,worldnews,"September 22, 2026"
Government Cabinet Approves National Renewable Solar Power Initiative,BERLIN (Reuters) - The federal cabinet approved a ten-year subsidy program designed to accelerate rooftop solar panel installations and smart grid integration across municipal districts.,politicsNews,"September 21, 2026"
NASA James Webb Space Telescope Detects Atmospheric Water Vapor on Rocky Exoplanet,CAPE CANAVERAL (Reuters) - Astronomers using the James Webb Space Telescope observed definitive spectral lines indicating atmospheric water vapor on a rocky terrestrial exoplanet.,techNews,"September 20, 2026"
NASA Launches Robotic Lander to Explore Ocean Plumes on Jupiter Moon Europa,PASADENA (Reuters) - NASA scientists launched an interplanetary probe to analyze water plumes and organic biosignatures erupting through the icy crust of Europa.,techNews,"September 19, 2026"
Researchers at Stanford University Publish Major Study on Sodium-Ion Battery Chemistry,"PALO ALTO (Reuters) - A research team at Stanford University published findings in Nature Energy demonstrating low-cost sodium-ion battery cells that retain 95% capacity after 3,000 cycles.",techNews,"September 18, 2026"
Semiconductor Manufacturers Begin Mass Production of 2-Nanometer Microprocessors,TAIPEI (Reuters) - Leading semiconductor fabrication facilities commenced commercial shipments of next-generation 2nm processor chips offering 35% higher energy efficiency.,techNews,"September 17, 2026"
International Fusion Reactor Achieves Sustained High-Energy Plasma Confinement,"MARSEILLE (Reuters) - Nuclear physicists achieved a milestone in magnetic confinement fusion, sustaining stable plasma temperatures exceeding 100 million degrees Celsius for twenty minutes.",techNews,"September 16, 2026"
Global Cyber Defense Taskforce Releases Standardized Heuristics Against Ransomware,WASHINGTON (Reuters) - Cybersecurity agencies from twenty countries issued joint technical guidelines outlining automated zero-trust protocols to neutralize distributed ransomware.,techNews,"September 15, 2026"
Stock Markets Rally as Consumer Price Index Confirms Moderating Inflation,NEW YORK (Reuters) - Major stock market indices rose sharply after the Bureau of Labor Statistics released consumer inflation data showing annual price increases slowing to target levels.,worldnews,"September 14, 2026"
Indian Economy Records 7.2 Percent GDP Growth Driven by Manufacturing and Services,"MUMBAI (Reuters) - Government statistics revealed robust quarterly economic expansion led by automotive assembly, capital goods production, and enterprise software exports.",worldnews,"September 13, 2026"
European Central Bank Announces Balanced Monetary Policy and Stable Lending Rates,"FRANKFURT (Reuters) - The European Central Bank kept benchmark deposit rates unchanged, projecting stable euro area economic growth supported by domestic consumption.",worldnews,"September 12, 2026"
International Trade Delegations Finalize Clean Marine Shipping Emission Standards,LONDON (Reuters) - Representatives from the International Maritime Organization agreed on mandatory low-carbon fuel mandates for commercial cargo vessels by 2035.,worldnews,"September 11, 2026"
World Health Organization Reports Successful Multi-Country Trials of Universal Flu Vaccine,GENEVA (Reuters) - Clinical trial data published in the Lancet demonstrated that a universal mRNA influenza vaccine provided 94% efficacy in preventing severe hospitalizations.,worldnews,"September 10, 2026"
FDA Grants Full Approval for Precision Targeted Oncology Immunotherapy,WASHINGTON (Reuters) - Regulatory authorities approved a novel antibody conjugate therapy for solid tumors following successful phase 3 clinical trials showing significant remission.,politicsNews,"September 09, 2026"
Epidemiologists Document Significant Decline in Vector-Borne Malaria Cases Globally,GENEVA (Reuters) - Public health initiatives and dual-antigen pediatric vaccine campaigns contributed to a 45% reduction in annual malaria transmission across several African nations.,worldnews,"September 08, 2026"
Medical University Hospital Validates Non-Invasive Blood Biomarker for Early Detection,BOSTON (Reuters) - Clinicians at Massachusetts General Hospital reported clinical accuracy in early screening of neurological conditions using circulating plasma biomarkers.,worldnews,"September 07, 2026"
Federal Reserve Holds Interest Rates Steady Amid Cooling Inflation Indicators,"WASHINGTON (Reuters) - The Federal Reserve held benchmark interest rates steady following a monetary policy meeting, citing moderating inflation metrics and stable employment figures.",politicsNews,"September 28, 2026"
United Nations General Assembly Adopts Global Digital Governance Resolution,NEW YORK (Reuters) - Member states of the United Nations voted in favor of a new international framework to ensure ethical deployment of artificial intelligence and safeguard digital infrastructure.,worldnews,"September 27, 2026"
Bipartisan Senate Coalition Introduces Comprehensive Infrastructure Modernization Act,"WASHINGTON (Reuters) - Lawmakers from both major political parties unveiled legislation allocating federal funding for highway repairs, railway enhancements, and municipal water purification facilities.",politicsNews,"September 26, 2026"
Prime Minister Addresses Parliament on Annual Economic Budget Proposals,"NEW DELHI (Reuters) - The Prime Minister presented the annual fiscal budget in parliament today, highlighting public investments in healthcare, national highways, education, and clean energy.",politicsNews,"September 25, 2026"
Supreme Court Issues Landmark Verdict on Environmental Protection Standards,"WASHINGTON (Reuters) - In a majority ruling, the Supreme Court affirmed the authority of environmental regulators to monitor industrial emissions and enforce clean water standards.",politicsNews,"September 24, 2026"
Electoral Commission Announces High Voter Turnout in National Parliamentary Elections,LONDON (Reuters) - Official election observers reported peaceful balloting with voter turnout exceeding 74% across all parliamentary constituencies under international monitoring.,worldnews,"September 23, 2026"
India and France Sign Defense Cooperation Treaty and Maritime Security Agreement,PARIS (Reuters) - Defense ministers from India and France finalized a strategic bilateral agreement expanding joint naval patrols and technology transfers in the Indo-Pacific region.,worldnews,"September 22, 2026"
Government Cabinet Approves National Renewable Solar Power Initiative,BERLIN (Reuters) - The federal cabinet approved a ten-year subsidy program designed to accelerate rooftop solar panel installations and smart grid integration across municipal districts.,politicsNews,"September 21, 2026"
NASA James Webb Space Telescope Detects Atmospheric Water Vapor on Rocky Exoplanet,CAPE CANAVERAL (Reuters) - Astronomers using the James Webb Space Telescope observed definitive spectral lines indicating atmospheric water vapor on a rocky terrestrial exoplanet.,techNews,"September 20, 2026"
NASA Launches Robotic Lander to Explore Ocean Plumes on Jupiter Moon Europa,PASADENA (Reuters) - NASA scientists launched an interplanetary probe to analyze water plumes and organic biosignatures erupting through the icy crust of Europa.,techNews,"September 19, 2026"
Researchers at Stanford University Publish Major Study on Sodium-Ion Battery Chemistry,"PALO ALTO (Reuters) - A research team at Stanford University published findings in Nature Energy demonstrating low-cost sodium-ion battery cells that retain 95% capacity after 3,000 cycles.",techNews,"September 18, 2026"
Semiconductor Manufacturers Begin Mass Production of 2-Nanometer Microprocessors,TAIPEI (Reuters) - Leading semiconductor fabrication facilities commenced commercial shipments of next-generation 2nm processor chips offering 35% higher energy efficiency.,techNews,"September 17, 2026"
International Fusion Reactor Achieves Sustained High-Energy Plasma Confinement,"MARSEILLE (Reuters) - Nuclear physicists achieved a milestone in magnetic confinement fusion, sustaining stable plasma temperatures exceeding 100 million degrees Celsius for twenty minutes.",techNews,"September 16, 2026"
Global Cyber Defense Taskforce Releases Standardized Heuristics Against Ransomware,WASHINGTON (Reuters) - Cybersecurity agencies from twenty countries issued joint technical guidelines outlining automated zero-trust protocols to neutralize distributed ransomware.,techNews,"September 15, 2026"
Stock Markets Rally as Consumer Price Index Confirms Moderating Inflation,NEW YORK (Reuters) - Major stock market indices rose sharply after the Bureau of Labor Statistics released consumer inflation data showing annual price increases slowing to target levels.,worldnews,"September 14, 2026"
Indian Economy Records 7.2 Percent GDP Growth Driven by Manufacturing and Services,"MUMBAI (Reuters) - Government statistics revealed robust quarterly economic expansion led by automotive assembly, capital goods production, and enterprise software exports.",worldnews,"September 13, 2026"
European Central Bank Announces Balanced Monetary Policy and Stable Lending Rates,"FRANKFURT (Reuters) - The European Central Bank kept benchmark deposit rates unchanged, projecting stable euro area economic growth supported by domestic consumption.",worldnews,"September 12, 2026"
International Trade Delegations Finalize Clean Marine Shipping Emission Standards,LONDON (Reuters) - Representatives from the International Maritime Organization agreed on mandatory low-carbon fuel mandates for commercial cargo vessels by 2035.,worldnews,"September 11, 2026"
World Health Organization Reports Successful Multi-Country Trials of Universal Flu Vaccine,GENEVA (Reuters) - Clinical trial data published in the Lancet demonstrated that a universal mRNA influenza vaccine provided 94% efficacy in preventing severe hospitalizations.,worldnews,"September 10, 2026"
FDA Grants Full Approval for Precision Targeted Oncology Immunotherapy,WASHINGTON (Reuters) - Regulatory authorities approved a novel antibody conjugate therapy for solid tumors following successful phase 3 clinical trials showing significant remission.,politicsNews,"September 09, 2026"
Epidemiologists Document Significant Decline in Vector-Borne Malaria Cases Globally,GENEVA (Reuters) - Public health initiatives and dual-antigen pediatric vaccine campaigns contributed to a 45% reduction in annual malaria transmission across several African nations.,worldnews,"September 08, 2026"
Medical University Hospital Validates Non-Invasive Blood Biomarker for Early Detection,BOSTON (Reuters) - Clinicians at Massachusetts General Hospital reported clinical accuracy in early screening of neurological conditions using circulating plasma biomarkers.,worldnews,"September 07, 2026"
Federal Reserve Holds Interest Rates Steady Amid Cooling Inflation Indicators,"WASHINGTON (Reuters) - The Federal Reserve held benchmark interest rates steady following a monetary policy meeting, citing moderating inflation metrics and stable employment figures.",politicsNews,"September 28, 2026"
United Nations General Assembly Adopts Global Digital Governance Resolution,NEW YORK (Reuters) - Member states of the United Nations voted in favor of a new international framework to ensure ethical deployment of artificial intelligence and safeguard digital infrastructure.,worldnews,"September 27, 2026"
Bipartisan Senate Coalition Introduces Comprehensive Infrastructure Modernization Act,"WASHINGTON (Reuters) - Lawmakers from both major political parties unveiled legislation allocating federal funding for highway repairs, railway enhancements, and municipal water purification facilities.",politicsNews,"September 26, 2026"
Prime Minister Addresses Parliament on Annual Economic Budget Proposals,"NEW DELHI (Reuters) - The Prime Minister presented the annual fiscal budget in parliament today, highlighting public investments in healthcare, national highways, education, and clean energy.",politicsNews,"September 25, 2026"
Supreme Court Issues Landmark Verdict on Environmental Protection Standards,"WASHINGTON (Reuters) - In a majority ruling, the Supreme Court affirmed the authority of environmental regulators to monitor industrial emissions and enforce clean water standards.",politicsNews,"September 24, 2026"
Electoral Commission Announces High Voter Turnout in National Parliamentary Elections,LONDON (Reuters) - Official election observers reported peaceful balloting with voter turnout exceeding 74% across all parliamentary constituencies under international monitoring.,worldnews,"September 23, 2026"
India and France Sign Defense Cooperation Treaty and Maritime Security Agreement,PARIS (Reuters) - Defense ministers from India and France finalized a strategic bilateral agreement expanding joint naval patrols and technology transfers in the Indo-Pacific region.,worldnews,"September 22, 2026"
Government Cabinet Approves National Renewable Solar Power Initiative,BERLIN (Reuters) - The federal cabinet approved a ten-year subsidy program designed to accelerate rooftop solar panel installations and smart grid integration across municipal districts.,politicsNews,"September 21, 2026"
NASA James Webb Space Telescope Detects Atmospheric Water Vapor on Rocky Exoplanet,CAPE CANAVERAL (Reuters) - Astronomers using the James Webb Space Telescope observed definitive spectral lines indicating atmospheric water vapor on a rocky terrestrial exoplanet.,techNews,"September 20, 2026"
NASA Launches Robotic Lander to Explore Ocean Plumes on Jupiter Moon Europa,PASADENA (Reuters) - NASA scientists launched an interplanetary probe to analyze water plumes and organic biosignatures erupting through the icy crust of Europa.,techNews,"September 19, 2026"
Researchers at Stanford University Publish Major Study on Sodium-Ion Battery Chemistry,"PALO ALTO (Reuters) - A research team at Stanford University published findings in Nature Energy demonstrating low-cost sodium-ion battery cells that retain 95% capacity after 3,000 cycles.",techNews,"September 18, 2026"
Semiconductor Manufacturers Begin Mass Production of 2-Nanometer Microprocessors,TAIPEI (Reuters) - Leading semiconductor fabrication facilities commenced commercial shipments of next-generation 2nm processor chips offering 35% higher energy efficiency.,techNews,"September 17, 2026"
International Fusion Reactor Achieves Sustained High-Energy Plasma Confinement,"MARSEILLE (Reuters) - Nuclear physicists achieved a milestone in magnetic confinement fusion, sustaining stable plasma temperatures exceeding 100 million degrees Celsius for twenty minutes.",techNews,"September 16, 2026"
Global Cyber Defense Taskforce Releases Standardized Heuristics Against Ransomware,WASHINGTON (Reuters) - Cybersecurity agencies from twenty countries issued joint technical guidelines outlining automated zero-trust protocols to neutralize distributed ransomware.,techNews,"September 15, 2026"
Stock Markets Rally as Consumer Price Index Confirms Moderating Inflation,NEW YORK (Reuters) - Major stock market indices rose sharply after the Bureau of Labor Statistics released consumer inflation data showing annual price increases slowing to target levels.,worldnews,"September 14, 2026"
Indian Economy Records 7.2 Percent GDP Growth Driven by Manufacturing and Services,"MUMBAI (Reuters) - Government statistics revealed robust quarterly economic expansion led by automotive assembly, capital goods production, and enterprise software exports.",worldnews,"September 13, 2026"
European Central Bank Announces Balanced Monetary Policy and Stable Lending Rates,"FRANKFURT (Reuters) - The European Central Bank kept benchmark deposit rates unchanged, projecting stable euro area economic growth supported by domestic consumption.",worldnews,"September 12, 2026"
International Trade Delegations Finalize Clean Marine Shipping Emission Standards,LONDON (Reuters) - Representatives from the International Maritime Organization agreed on mandatory low-carbon fuel mandates for commercial cargo vessels by 2035.,worldnews,"September 11, 2026"
World Health Organization Reports Successful Multi-Country Trials of Universal Flu Vaccine,GENEVA (Reuters) - Clinical trial data published in the Lancet demonstrated that a universal mRNA influenza vaccine provided 94% efficacy in preventing severe hospitalizations.,worldnews,"September 10, 2026"
FDA Grants Full Approval for Precision Targeted Oncology Immunotherapy,WASHINGTON (Reuters) - Regulatory authorities approved a novel antibody conjugate therapy for solid tumors following successful phase 3 clinical trials showing significant remission.,politicsNews,"September 09, 2026"
Epidemiologists Document Significant Decline in Vector-Borne Malaria Cases Globally,GENEVA (Reuters) - Public health initiatives and dual-antigen pediatric vaccine campaigns contributed to a 45% reduction in annual malaria transmission across several African nations.,worldnews,"September 08, 2026"
Medical University Hospital Validates Non-Invasive Blood Biomarker for Early Detection,BOSTON (Reuters) - Clinicians at Massachusetts General Hospital reported clinical accuracy in early screening of neurological conditions using circulating plasma biomarkers.,worldnews,"September 07, 2026"
Federal Reserve Holds Interest Rates Steady Amid Cooling Inflation Indicators,"WASHINGTON (Reuters) - The Federal Reserve held benchmark interest rates steady following a monetary policy meeting, citing moderating inflation metrics and stable employment figures.",politicsNews,"September 28, 2026"
United Nations General Assembly Adopts Global Digital Governance Resolution,NEW YORK (Reuters) - Member states of the United Nations voted in favor of a new international framework to ensure ethical deployment of artificial intelligence and safeguard digital infrastructure.,worldnews,"September 27, 2026"
Bipartisan Senate Coalition Introduces Comprehensive Infrastructure Modernization Act,"WASHINGTON (Reuters) - Lawmakers from both major political parties unveiled legislation allocating federal funding for highway repairs, railway enhancements, and municipal water purification facilities.",politicsNews,"September 26, 2026"
Prime Minister Addresses Parliament on Annual Economic Budget Proposals,"NEW DELHI (Reuters) - The Prime Minister presented the annual fiscal budget in parliament today, highlighting public investments in healthcare, national highways, education, and clean energy.",politicsNews,"September 25, 2026"
Supreme Court Issues Landmark Verdict on Environmental Protection Standards,"WASHINGTON (Reuters) - In a majority ruling, the Supreme Court affirmed the authority of environmental regulators to monitor industrial emissions and enforce clean water standards.",politicsNews,"September 24, 2026"
Electoral Commission Announces High Voter Turnout in National Parliamentary Elections,LONDON (Reuters) - Official election observers reported peaceful balloting with voter turnout exceeding 74% across all parliamentary constituencies under international monitoring.,worldnews,"September 23, 2026"
India and France Sign Defense Cooperation Treaty and Maritime Security Agreement,PARIS (Reuters) - Defense ministers from India and France finalized a strategic bilateral agreement expanding joint naval patrols and technology transfers in the Indo-Pacific region.,worldnews,"September 22, 2026"
Government Cabinet Approves National Renewable Solar Power Initiative,BERLIN (Reuters) - The federal cabinet approved a ten-year subsidy program designed to accelerate rooftop solar panel installations and smart grid integration across municipal districts.,politicsNews,"September 21, 2026"
NASA James Webb Space Telescope Detects Atmospheric Water Vapor on Rocky Exoplanet,CAPE CANAVERAL (Reuters) - Astronomers using the James Webb Space Telescope observed definitive spectral lines indicating atmospheric water vapor on a rocky terrestrial exoplanet.,techNews,"September 20, 2026"
NASA Launches Robotic Lander to Explore Ocean Plumes on Jupiter Moon Europa,PASADENA (Reuters) - NASA scientists launched an interplanetary probe to analyze water plumes and organic biosignatures erupting through the icy crust of Europa.,techNews,"September 19, 2026"
Researchers at Stanford University Publish Major Study on Sodium-Ion Battery Chemistry,"PALO ALTO (Reuters) - A research team at Stanford University published findings in Nature Energy demonstrating low-cost sodium-ion battery cells that retain 95% capacity after 3,000 cycles.",techNews,"September 18, 2026"
Semiconductor Manufacturers Begin Mass Production of 2-Nanometer Microprocessors,TAIPEI (Reuters) - Leading semiconductor fabrication facilities commenced commercial shipments of next-generation 2nm processor chips offering 35% higher energy efficiency.,techNews,"September 17, 2026"
International Fusion Reactor Achieves Sustained High-Energy Plasma Confinement,"MARSEILLE (Reuters) - Nuclear physicists achieved a milestone in magnetic confinement fusion, sustaining stable plasma temperatures exceeding 100 million degrees Celsius for twenty minutes.",techNews,"September 16, 2026"
Global Cyber Defense Taskforce Releases Standardized Heuristics Against Ransomware,WASHINGTON (Reuters) - Cybersecurity agencies from twenty countries issued joint technical guidelines outlining automated zero-trust protocols to neutralize distributed ransomware.,techNews,"September 15, 2026"
Stock Markets Rally as Consumer Price Index Confirms Moderating Inflation,NEW YORK (Reuters) - Major stock market indices rose sharply after the Bureau of Labor Statistics released consumer inflation data showing annual price increases slowing to target levels.,worldnews,"September 14, 2026"
Indian Economy Records 7.2 Percent GDP Growth Driven by Manufacturing and Services,"MUMBAI (Reuters) - Government statistics revealed robust quarterly economic expansion led by automotive assembly, capital goods production, and enterprise software exports.",worldnews,"September 13, 2026"
European Central Bank Announces Balanced Monetary Policy and Stable Lending Rates,"FRANKFURT (Reuters) - The European Central Bank kept benchmark deposit rates unchanged, projecting stable euro area economic growth supported by domestic consumption.",worldnews,"September 12, 2026"
International Trade Delegations Finalize Clean Marine Shipping Emission Standards,LONDON (Reuters) - Representatives from the International Maritime Organization agreed on mandatory low-carbon fuel mandates for commercial cargo vessels by 2035.,worldnews,"September 11, 2026"
World Health Organization Reports Successful Multi-Country Trials of Universal Flu Vaccine,GENEVA (Reuters) - Clinical trial data published in the Lancet demonstrated that a universal mRNA influenza vaccine provided 94% efficacy in preventing severe hospitalizations.,worldnews,"September 10, 2026"
FDA Grants Full Approval for Precision Targeted Oncology Immunotherapy,WASHINGTON (Reuters) - Regulatory authorities approved a novel antibody conjugate therapy for solid tumors following successful phase 3 clinical trials showing significant remission.,politicsNews,"September 09, 2026"
Epidemiologists Document Significant Decline in Vector-Borne Malaria Cases Globally,GENEVA (Reuters) - Public health initiatives and dual-antigen pediatric vaccine campaigns contributed to a 45% reduction in annual malaria transmission across several African nations.,worldnews,"September 08, 2026"
Medical University Hospital Validates Non-Invasive Blood Biomarker for Early Detection,BOSTON (Reuters) - Clinicians at Massachusetts General Hospital reported clinical accuracy in early screening of neurological conditions using circulating plasma biomarkers.,worldnews,"September 07, 2026"
Federal Reserve Holds Interest Rates Steady Amid Cooling Inflation Indicators,"WASHINGTON (Reuters) - The Federal Reserve held benchmark interest rates steady following a monetary policy meeting, citing moderating inflation metrics and stable employment figures.",politicsNews,"September 28, 2026"
United Nations General Assembly Adopts Global Digital Governance Resolution,NEW YORK (Reuters) - Member states of the United Nations voted in favor of a new international framework to ensure ethical deployment of artificial intelligence and safeguard digital infrastructure.,worldnews,"September 27, 2026"
Bipartisan Senate Coalition Introduces Comprehensive Infrastructure Modernization Act,"WASHINGTON (Reuters) - Lawmakers from both major political parties unveiled legislation allocating federal funding for highway repairs, railway enhancements, and municipal water purification facilities.",politicsNews,"September 26, 2026"
Prime Minister Addresses Parliament on Annual Economic Budget Proposals,"NEW DELHI (Reuters) - The Prime Minister presented the annual fiscal budget in parliament today, highlighting public investments in healthcare, national highways, education, and clean energy.",politicsNews,"September 25, 2026"
Supreme Court Issues Landmark Verdict on Environmental Protection Standards,"WASHINGTON (Reuters) - In a majority ruling, the Supreme Court affirmed the authority of environmental regulators to monitor industrial emissions and enforce clean water standards.",politicsNews,"September 24, 2026"
Electoral Commission Announces High Voter Turnout in National Parliamentary Elections,LONDON (Reuters) - Official election observers reported peaceful balloting with voter turnout exceeding 74% across all parliamentary constituencies under international monitoring.,worldnews,"September 23, 2026"
India and France Sign Defense Cooperation Treaty and Maritime Security Agreement,PARIS (Reuters) - Defense ministers from India and France finalized a strategic bilateral agreement expanding joint naval patrols and technology transfers in the Indo-Pacific region.,worldnews,"September 22, 2026"
Government Cabinet Approves National Renewable Solar Power Initiative,BERLIN (Reuters) - The federal cabinet approved a ten-year subsidy program designed to accelerate rooftop solar panel installations and smart grid integration across municipal districts.,politicsNews,"September 21, 2026"
NASA James Webb Space Telescope Detects Atmospheric Water Vapor on Rocky Exoplanet,CAPE CANAVERAL (Reuters) - Astronomers using the James Webb Space Telescope observed definitive spectral lines indicating atmospheric water vapor on a rocky terrestrial exoplanet.,techNews,"September 20, 2026"
NASA Launches Robotic Lander to Explore Ocean Plumes on Jupiter Moon Europa,PASADENA (Reuters) - NASA scientists launched an interplanetary probe to analyze water plumes and organic biosignatures erupting through the icy crust of Europa.,techNews,"September 19, 2026"
Researchers at Stanford University Publish Major Study on Sodium-Ion Battery Chemistry,"PALO ALTO (Reuters) - A research team at Stanford University published findings in Nature Energy demonstrating low-cost sodium-ion battery cells that retain 95% capacity after 3,000 cycles.",techNews,"September 18, 2026"
Semiconductor Manufacturers Begin Mass Production of 2-Nanometer Microprocessors,TAIPEI (Reuters) - Leading semiconductor fabrication facilities commenced commercial shipments of next-generation 2nm processor chips offering 35% higher energy efficiency.,techNews,"September 17, 2026"
International Fusion Reactor Achieves Sustained High-Energy Plasma Confinement,"MARSEILLE (Reuters) - Nuclear physicists achieved a milestone in magnetic confinement fusion, sustaining stable plasma temperatures exceeding 100 million degrees Celsius for twenty minutes.",techNews,"September 16, 2026"
Global Cyber Defense Taskforce Releases Standardized Heuristics Against Ransomware,WASHINGTON (Reuters) - Cybersecurity agencies from twenty countries issued joint technical guidelines outlining automated zero-trust protocols to neutralize distributed ransomware.,techNews,"September 15, 2026"
Stock Markets Rally as Consumer Price Index Confirms Moderating Inflation,NEW YORK (Reuters) - Major stock market indices rose sharply after the Bureau of Labor Statistics released consumer inflation data showing annual price increases slowing to target levels.,worldnews,"September 14, 2026"
Indian Economy Records 7.2 Percent GDP Growth Driven by Manufacturing and Services,"MUMBAI (Reuters) - Government statistics revealed robust quarterly economic expansion led by automotive assembly, capital goods production, and enterprise software exports.",worldnews,"September 13, 2026"
European Central Bank Announces Balanced Monetary Policy and Stable Lending Rates,"FRANKFURT (Reuters) - The European Central Bank kept benchmark deposit rates unchanged, projecting stable euro area economic growth supported by domestic consumption.",worldnews,"September 12, 2026"
International Trade Delegations Finalize Clean Marine Shipping Emission Standards,LONDON (Reuters) - Representatives from the International Maritime Organization agreed on mandatory low-carbon fuel mandates for commercial cargo vessels by 2035.,worldnews,"September 11, 2026"
World Health Organization Reports Successful Multi-Country Trials of Universal Flu Vaccine,GENEVA (Reuters) - Clinical trial data published in the Lancet demonstrated that a universal mRNA influenza vaccine provided 94% efficacy in preventing severe hospitalizations.,worldnews,"September 10, 2026"
FDA Grants Full Approval for Precision Targeted Oncology Immunotherapy,WASHINGTON (Reuters) - Regulatory authorities approved a novel antibody conjugate therapy for solid tumors following successful phase 3 clinical trials showing significant remission.,politicsNews,"September 09, 2026"
Epidemiologists Document Significant Decline in Vector-Borne Malaria Cases Globally,GENEVA (Reuters) - Public health initiatives and dual-antigen pediatric vaccine campaigns contributed to a 45% reduction in annual malaria transmission across several African nations.,worldnews,"September 08, 2026"
Medical University Hospital Validates Non-Invasive Blood Biomarker for Early Detection,BOSTON (Reuters) - Clinicians at Massachusetts General Hospital reported clinical accuracy in early screening of neurological conditions using circulating plasma biomarkers.,worldnews,"September 07, 2026"
Federal Reserve Holds Interest Rates Steady Amid Cooling Inflation Indicators,"WASHINGTON (Reuters) - The Federal Reserve held benchmark interest rates steady following a monetary policy meeting, citing moderating inflation metrics and stable employment figures.",politicsNews,"September 28, 2026"
United Nations General Assembly Adopts Global Digital Governance Resolution,NEW YORK (Reuters) - Member states of the United Nations voted in favor of a new international framework to ensure ethical deployment of artificial intelligence and safeguard digital infrastructure.,worldnews,"September 27, 2026"
Bipartisan Senate Coalition Introduces Comprehensive Infrastructure Modernization Act,"WASHINGTON (Reuters) - Lawmakers from both major political parties unveiled legislation allocating federal funding for highway repairs, railway enhancements, and municipal water purification facilities.",politicsNews,"September 26, 2026"
Prime Minister Addresses Parliament on Annual Economic Budget Proposals,"NEW DELHI (Reuters) - The Prime Minister presented the annual fiscal budget in parliament today, highlighting public investments in healthcare, national highways, education, and clean energy.",politicsNews,"September 25, 2026"
Supreme Court Issues Landmark Verdict on Environmental Protection Standards,"WASHINGTON (Reuters) - In a majority ruling, the Supreme Court affirmed the authority of environmental regulators to monitor industrial emissions and enforce clean water standards.",politicsNews,"September 24, 2026"
Electoral Commission Announces High Voter Turnout in National Parliamentary Elections,LONDON (Reuters) - Official election observers reported peaceful balloting with voter turnout exceeding 74% across all parliamentary constituencies under international monitoring.,worldnews,"September 23, 2026"
India and France Sign Defense Cooperation Treaty and Maritime Security Agreement,PARIS (Reuters) - Defense ministers from India and France finalized a strategic bilateral agreement expanding joint naval patrols and technology transfers in the Indo-Pacific region.,worldnews,"September 22, 2026"
Government Cabinet Approves National Renewable Solar Power Initiative,BERLIN (Reuters) - The federal cabinet approved a ten-year subsidy program designed to accelerate rooftop solar panel installations and smart grid integration across municipal districts.,politicsNews,"September 21, 2026"
NASA James Webb Space Telescope Detects Atmospheric Water Vapor on Rocky Exoplanet,CAPE CANAVERAL (Reuters) - Astronomers using the James Webb Space Telescope observed definitive spectral lines indicating atmospheric water vapor on a rocky terrestrial exoplanet.,techNews,"September 20, 2026"
NASA Launches Robotic Lander to Explore Ocean Plumes on Jupiter Moon Europa,PASADENA (Reuters) - NASA scientists launched an interplanetary probe to analyze water plumes and organic biosignatures erupting through the icy crust of Europa.,techNews,"September 19, 2026"
Researchers at Stanford University Publish Major Study on Sodium-Ion Battery Chemistry,"PALO ALTO (Reuters) - A research team at Stanford University published findings in Nature Energy demonstrating low-cost sodium-ion battery cells that retain 95% capacity after 3,000 cycles.",techNews,"September 18, 2026"
Semiconductor Manufacturers Begin Mass Production of 2-Nanometer Microprocessors,TAIPEI (Reuters) - Leading semiconductor fabrication facilities commenced commercial shipments of next-generation 2nm processor chips offering 35% higher energy efficiency.,techNews,"September 17, 2026"
International Fusion Reactor Achieves Sustained High-Energy Plasma Confinement,"MARSEILLE (Reuters) - Nuclear physicists achieved a milestone in magnetic confinement fusion, sustaining stable plasma temperatures exceeding 100 million degrees Celsius for twenty minutes.",techNews,"September 16, 2026"
Global Cyber Defense Taskforce Releases Standardized Heuristics Against Ransomware,WASHINGTON (Reuters) - Cybersecurity agencies from twenty countries issued joint technical guidelines outlining automated zero-trust protocols to neutralize distributed ransomware.,techNews,"September 15, 2026"
Stock Markets Rally as Consumer Price Index Confirms Moderating Inflation,NEW YORK (Reuters) - Major stock market indices rose sharply after the Bureau of Labor Statistics released consumer inflation data showing annual price increases slowing to target levels.,worldnews,"September 14, 2026"
Indian Economy Records 7.2 Percent GDP Growth Driven by Manufacturing and Services,"MUMBAI (Reuters) - Government statistics revealed robust quarterly economic expansion led by automotive assembly, capital goods production, and enterprise software exports.",worldnews,"September 13, 2026"
European Central Bank Announces Balanced Monetary Policy and Stable Lending Rates,"FRANKFURT (Reuters) - The European Central Bank kept benchmark deposit rates unchanged, projecting stable euro area economic growth supported by domestic consumption.",worldnews,"September 12, 2026"
International Trade Delegations Finalize Clean Marine Shipping Emission Standards,LONDON (Reuters) - Representatives from the International Maritime Organization agreed on mandatory low-carbon fuel mandates for commercial cargo vessels by 2035.,worldnews,"September 11, 2026"
World Health Organization Reports Successful Multi-Country Trials of Universal Flu Vaccine,GENEVA (Reuters) - Clinical trial data published in the Lancet demonstrated that a universal mRNA influenza vaccine provided 94% efficacy in preventing severe hospitalizations.,worldnews,"September 10, 2026"
FDA Grants Full Approval for Precision Targeted Oncology Immunotherapy,WASHINGTON (Reuters) - Regulatory authorities approved a novel antibody conjugate therapy for solid tumors following successful phase 3 clinical trials showing significant remission.,politicsNews,"September 09, 2026"
Epidemiologists Document Significant Decline in Vector-Borne Malaria Cases Globally,GENEVA (Reuters) - Public health initiatives and dual-antigen pediatric vaccine campaigns contributed to a 45% reduction in annual malaria transmission across several African nations.,worldnews,"September 08, 2026"
Medical University Hospital Validates Non-Invasive Blood Biomarker for Early Detection,BOSTON (Reuters) - Clinicians at Massachusetts General Hospital reported clinical accuracy in early screening of neurological conditions using circulating plasma biomarkers.,worldnews,"September 07, 2026"
Federal Reserve Holds Interest Rates Steady Amid Cooling Inflation Indicators,"WASHINGTON (Reuters) - The Federal Reserve held benchmark interest rates steady following a monetary policy meeting, citing moderating inflation metrics and stable employment figures.",politicsNews,"September 28, 2026"
United Nations General Assembly Adopts Global Digital Governance Resolution,NEW YORK (Reuters) - Member states of the United Nations voted in favor of a new international framework to ensure ethical deployment of artificial intelligence and safeguard digital infrastructure.,worldnews,"September 27, 2026"
Bipartisan Senate Coalition Introduces Comprehensive Infrastructure Modernization Act,"WASHINGTON (Reuters) - Lawmakers from both major political parties unveiled legislation allocating federal funding for highway repairs, railway enhancements, and municipal water purification facilities.",politicsNews,"September 26, 2026"
Prime Minister Addresses Parliament on Annual Economic Budget Proposals,"NEW DELHI (Reuters) - The Prime Minister presented the annual fiscal budget in parliament today, highlighting public investments in healthcare, national highways, education, and clean energy.",politicsNews,"September 25, 2026"
Supreme Court Issues Landmark Verdict on Environmental Protection Standards,"WASHINGTON (Reuters) - In a majority ruling, the Supreme Court affirmed the authority of environmental regulators to monitor industrial emissions and enforce clean water standards.",politicsNews,"September 24, 2026"
Electoral Commission Announces High Voter Turnout in National Parliamentary Elections,LONDON (Reuters) - Official election observers reported peaceful balloting with voter turnout exceeding 74% across all parliamentary constituencies under international monitoring.,worldnews,"September 23, 2026"
India and France Sign Defense Cooperation Treaty and Maritime Security Agreement,PARIS (Reuters) - Defense ministers from India and France finalized a strategic bilateral agreement expanding joint naval patrols and technology transfers in the Indo-Pacific region.,worldnews,"September 22, 2026"
Government Cabinet Approves National Renewable Solar Power Initiative,BERLIN (Reuters) - The federal cabinet approved a ten-year subsidy program designed to accelerate rooftop solar panel installations and smart grid integration across municipal districts.,politicsNews,"September 21, 2026"
NASA James Webb Space Telescope Detects Atmospheric Water Vapor on Rocky Exoplanet,CAPE CANAVERAL (Reuters) - Astronomers using the James Webb Space Telescope observed definitive spectral lines indicating atmospheric water vapor on a rocky terrestrial exoplanet.,techNews,"September 20, 2026"
NASA Launches Robotic Lander to Explore Ocean Plumes on Jupiter Moon Europa,PASADENA (Reuters) - NASA scientists launched an interplanetary probe to analyze water plumes and organic biosignatures erupting through the icy crust of Europa.,techNews,"September 19, 2026"
Researchers at Stanford University Publish Major Study on Sodium-Ion Battery Chemistry,"PALO ALTO (Reuters) - A research team at Stanford University published findings in Nature Energy demonstrating low-cost sodium-ion battery cells that retain 95% capacity after 3,000 cycles.",techNews,"September 18, 2026"
Semiconductor Manufacturers Begin Mass Production of 2-Nanometer Microprocessors,TAIPEI (Reuters) - Leading semiconductor fabrication facilities commenced commercial shipments of next-generation 2nm processor chips offering 35% higher energy efficiency.,techNews,"September 17, 2026"
International Fusion Reactor Achieves Sustained High-Energy Plasma Confinement,"MARSEILLE (Reuters) - Nuclear physicists achieved a milestone in magnetic confinement fusion, sustaining stable plasma temperatures exceeding 100 million degrees Celsius for twenty minutes.",techNews,"September 16, 2026"
Global Cyber Defense Taskforce Releases Standardized Heuristics Against Ransomware,WASHINGTON (Reuters) - Cybersecurity agencies from twenty countries issued joint technical guidelines outlining automated zero-trust protocols to neutralize distributed ransomware.,techNews,"September 15, 2026"
Stock Markets Rally as Consumer Price Index Confirms Moderating Inflation,NEW YORK (Reuters) - Major stock market indices rose sharply after the Bureau of Labor Statistics released consumer inflation data showing annual price increases slowing to target levels.,worldnews,"September 14, 2026"
Indian Economy Records 7.2 Percent GDP Growth Driven by Manufacturing and Services,"MUMBAI (Reuters) - Government statistics revealed robust quarterly economic expansion led by automotive assembly, capital goods production, and enterprise software exports.",worldnews,"September 13, 2026"
European Central Bank Announces Balanced Monetary Policy and Stable Lending Rates,"FRANKFURT (Reuters) - The European Central Bank kept benchmark deposit rates unchanged, projecting stable euro area economic growth supported by domestic consumption.",worldnews,"September 12, 2026"
International Trade Delegations Finalize Clean Marine Shipping Emission Standards,LONDON (Reuters) - Representatives from the International Maritime Organization agreed on mandatory low-carbon fuel mandates for commercial cargo vessels by 2035.,worldnews,"September 11, 2026"
World Health Organization Reports Successful Multi-Country Trials of Universal Flu Vaccine,GENEVA (Reuters) - Clinical trial data published in the Lancet demonstrated that a universal mRNA influenza vaccine provided 94% efficacy in preventing severe hospitalizations.,worldnews,"September 10, 2026"
FDA Grants Full Approval for Precision Targeted Oncology Immunotherapy,WASHINGTON (Reuters) - Regulatory authorities approved a novel antibody conjugate therapy for solid tumors following successful phase 3 clinical trials showing significant remission.,politicsNews,"September 09, 2026"
Epidemiologists Document Significant Decline in Vector-Borne Malaria Cases Globally,GENEVA (Reuters) - Public health initiatives and dual-antigen pediatric vaccine campaigns contributed to a 45% reduction in annual malaria transmission across several African nations.,worldnews,"September 08, 2026"
Medical University Hospital Validates Non-Invasive Blood Biomarker for Early Detection,BOSTON (Reuters) - Clinicians at Massachusetts General Hospital reported clinical accuracy in early screening of neurological conditions using circulating plasma biomarkers.,worldnews,"September 07, 2026"
Federal Reserve Holds Interest Rates Steady Amid Cooling Inflation Indicators,"WASHINGTON (Reuters) - The Federal Reserve held benchmark interest rates steady following a monetary policy meeting, citing moderating inflation metrics and stable employment figures.",politicsNews,"September 28, 2026"
United Nations General Assembly Adopts Global Digital Governance Resolution,NEW YORK (Reuters) - Member states of the United Nations voted in favor of a new international framework to ensure ethical deployment of artificial intelligence and safeguard digital infrastructure.,worldnews,"September 27, 2026"
Bipartisan Senate Coalition Introduces Comprehensive Infrastructure Modernization Act,"WASHINGTON (Reuters) - Lawmakers from both major political parties unveiled legislation allocating federal funding for highway repairs, railway enhancements, and municipal water purification facilities.",politicsNews,"September 26, 2026"
Prime Minister Addresses Parliament on Annual Economic Budget Proposals,"NEW DELHI (Reuters) - The Prime Minister presented the annual fiscal budget in parliament today, highlighting public investments in healthcare, national highways, education, and clean energy.",politicsNews,"September 25, 2026"
Supreme Court Issues Landmark Verdict on Environmental Protection Standards,"WASHINGTON (Reuters) - In a majority ruling, the Supreme Court affirmed the authority of environmental regulators to monitor industrial emissions and enforce clean water standards.",politicsNews,"September 24, 2026"
Electoral Commission Announces High Voter Turnout in National Parliamentary Elections,LONDON (Reuters) - Official election observers reported peaceful balloting with voter turnout exceeding 74% across all parliamentary constituencies under international monitoring.,worldnews,"September 23, 2026"
India and France Sign Defense Cooperation Treaty and Maritime Security Agreement,PARIS (Reuters) - Defense ministers from India and France finalized a strategic bilateral agreement expanding joint naval patrols and technology transfers in the Indo-Pacific region.,worldnews,"September 22, 2026"
Government Cabinet Approves National Renewable Solar Power Initiative,BERLIN (Reuters) - The federal cabinet approved a ten-year subsidy program designed to accelerate rooftop solar panel installations and smart grid integration across municipal districts.,politicsNews,"September 21, 2026"
NASA James Webb Space Telescope Detects Atmospheric Water Vapor on Rocky Exoplanet,CAPE CANAVERAL (Reuters) - Astronomers using the James Webb Space Telescope observed definitive spectral lines indicating atmospheric water vapor on a rocky terrestrial exoplanet.,techNews,"September 20, 2026"
NASA Launches Robotic Lander to Explore Ocean Plumes on Jupiter Moon Europa,PASADENA (Reuters) - NASA scientists launched an interplanetary probe to analyze water plumes and organic biosignatures erupting through the icy crust of Europa.,techNews,"September 19, 2026"
Researchers at Stanford University Publish Major Study on Sodium-Ion Battery Chemistry,"PALO ALTO (Reuters) - A research team at Stanford University published findings in Nature Energy demonstrating low-cost sodium-ion battery cells that retain 95% capacity after 3,000 cycles.",techNews,"September 18, 2026"
Semiconductor Manufacturers Begin Mass Production of 2-Nanometer Microprocessors,TAIPEI (Reuters) - Leading semiconductor fabrication facilities commenced commercial shipments of next-generation 2nm processor chips offering 35% higher energy efficiency.,techNews,"September 17, 2026"
International Fusion Reactor Achieves Sustained High-Energy Plasma Confinement,"MARSEILLE (Reuters) - Nuclear physicists achieved a milestone in magnetic confinement fusion, sustaining stable plasma temperatures exceeding 100 million degrees Celsius for twenty minutes.",techNews,"September 16, 2026"
Global Cyber Defense Taskforce Releases Standardized Heuristics Against Ransomware,WASHINGTON (Reuters) - Cybersecurity agencies from twenty countries issued joint technical guidelines outlining automated zero-trust protocols to neutralize distributed ransomware.,techNews,"September 15, 2026"
Stock Markets Rally as Consumer Price Index Confirms Moderating Inflation,NEW YORK (Reuters) - Major stock market indices rose sharply after the Bureau of Labor Statistics released consumer inflation data showing annual price increases slowing to target levels.,worldnews,"September 14, 2026"
Indian Economy Records 7.2 Percent GDP Growth Driven by Manufacturing and Services,"MUMBAI (Reuters) - Government statistics revealed robust quarterly economic expansion led by automotive assembly, capital goods production, and enterprise software exports.",worldnews,"September 13, 2026"
European Central Bank Announces Balanced Monetary Policy and Stable Lending Rates,"FRANKFURT (Reuters) - The European Central Bank kept benchmark deposit rates unchanged, projecting stable euro area economic growth supported by domestic consumption.",worldnews,"September 12, 2026"
International Trade Delegations Finalize Clean Marine Shipping Emission Standards,LONDON (Reuters) - Representatives from the International Maritime Organization agreed on mandatory low-carbon fuel mandates for commercial cargo vessels by 2035.,worldnews,"September 11, 2026"
World Health Organization Reports Successful Multi-Country Trials of Universal Flu Vaccine,GENEVA (Reuters) - Clinical trial data published in the Lancet demonstrated that a universal mRNA influenza vaccine provided 94% efficacy in preventing severe hospitalizations.,worldnews,"September 10, 2026"
FDA Grants Full Approval for Precision Targeted Oncology Immunotherapy,WASHINGTON (Reuters) - Regulatory authorities approved a novel antibody conjugate therapy for solid tumors following successful phase 3 clinical trials showing significant remission.,politicsNews,"September 09, 2026"
Epidemiologists Document Significant Decline in Vector-Borne Malaria Cases Globally,GENEVA (Reuters) - Public health initiatives and dual-antigen pediatric vaccine campaigns contributed to a 45% reduction in annual malaria transmission across several African nations.,worldnews,"September 08, 2026"
Medical University Hospital Validates Non-Invasive Blood Biomarker for Early Detection,BOSTON (Reuters) - Clinicians at Massachusetts General Hospital reported clinical accuracy in early screening of neurological conditions using circulating plasma biomarkers.,worldnews,"September 07, 2026"
Federal Reserve Holds Interest Rates Steady Amid Cooling Inflation Indicators,"WASHINGTON (Reuters) - The Federal Reserve held benchmark interest rates steady following a monetary policy meeting, citing moderating inflation metrics and stable employment figures.",politicsNews,"September 28, 2026"
United Nations General Assembly Adopts Global Digital Governance Resolution,NEW YORK (Reuters) - Member states of the United Nations voted in favor of a new international framework to ensure ethical deployment of artificial intelligence and safeguard digital infrastructure.,worldnews,"September 27, 2026"
Bipartisan Senate Coalition Introduces Comprehensive Infrastructure Modernization Act,"WASHINGTON (Reuters) - Lawmakers from both major political parties unveiled legislation allocating federal funding for highway repairs, railway enhancements, and municipal water purification facilities.",politicsNews,"September 26, 2026"
Prime Minister Addresses Parliament on Annual Economic Budget Proposals,"NEW DELHI (Reuters) - The Prime Minister presented the annual fiscal budget in parliament today, highlighting public investments in healthcare, national highways, education, and clean energy.",politicsNews,"September 25, 2026"
Supreme Court Issues Landmark Verdict on Environmental Protection Standards,"WASHINGTON (Reuters) - In a majority ruling, the Supreme Court affirmed the authority of environmental regulators to monitor industrial emissions and enforce clean water standards.",politicsNews,"September 24, 2026"
Electoral Commission Announces High Voter Turnout in National Parliamentary Elections,LONDON (Reuters) - Official election observers reported peaceful balloting with voter turnout exceeding 74% across all parliamentary constituencies under international monitoring.,worldnews,"September 23, 2026"
India and France Sign Defense Cooperation Treaty and Maritime Security Agreement,PARIS (Reuters) - Defense ministers from India and France finalized a strategic bilateral agreement expanding joint naval patrols and technology transfers in the Indo-Pacific region.,worldnews,"September 22, 2026"
Government Cabinet Approves National Renewable Solar Power Initiative,BERLIN (Reuters) - The federal cabinet approved a ten-year subsidy program designed to accelerate rooftop solar panel installations and smart grid integration across municipal districts.,politicsNews,"September 21, 2026"
NASA James Webb Space Telescope Detects Atmospheric Water Vapor on Rocky Exoplanet,CAPE CANAVERAL (Reuters) - Astronomers using the James Webb Space Telescope observed definitive spectral lines indicating atmospheric water vapor on a rocky terrestrial exoplanet.,techNews,"September 20, 2026"
NASA Launches Robotic Lander to Explore Ocean Plumes on Jupiter Moon Europa,PASADENA (Reuters) - NASA scientists launched an interplanetary probe to analyze water plumes and organic biosignatures erupting through the icy crust of Europa.,techNews,"September 19, 2026"
Researchers at Stanford University Publish Major Study on Sodium-Ion Battery Chemistry,"PALO ALTO (Reuters) - A research team at Stanford University published findings in Nature Energy demonstrating low-cost sodium-ion battery cells that retain 95% capacity after 3,000 cycles.",techNews,"September 18, 2026"
Semiconductor Manufacturers Begin Mass Production of 2-Nanometer Microprocessors,TAIPEI (Reuters) - Leading semiconductor fabrication facilities commenced commercial shipments of next-generation 2nm processor chips offering 35% higher energy efficiency.,techNews,"September 17, 2026"
International Fusion Reactor Achieves Sustained High-Energy Plasma Confinement,"MARSEILLE (Reuters) - Nuclear physicists achieved a milestone in magnetic confinement fusion, sustaining stable plasma temperatures exceeding 100 million degrees Celsius for twenty minutes.",techNews,"September 16, 2026"
Global Cyber Defense Taskforce Releases Standardized Heuristics Against Ransomware,WASHINGTON (Reuters) - Cybersecurity agencies from twenty countries issued joint technical guidelines outlining automated zero-trust protocols to neutralize distributed ransomware.,techNews,"September 15, 2026"
Stock Markets Rally as Consumer Price Index Confirms Moderating Inflation,NEW YORK (Reuters) - Major stock market indices rose sharply after the Bureau of Labor Statistics released consumer inflation data showing annual price increases slowing to target levels.,worldnews,"September 14, 2026"
Indian Economy Records 7.2 Percent GDP Growth Driven by Manufacturing and Services,"MUMBAI (Reuters) - Government statistics revealed robust quarterly economic expansion led by automotive assembly, capital goods production, and enterprise software exports.",worldnews,"September 13, 2026"
European Central Bank Announces Balanced Monetary Policy and Stable Lending Rates,"FRANKFURT (Reuters) - The European Central Bank kept benchmark deposit rates unchanged, projecting stable euro area economic growth supported by domestic consumption.",worldnews,"September 12, 2026"
International Trade Delegations Finalize Clean Marine Shipping Emission Standards,LONDON (Reuters) - Representatives from the International Maritime Organization agreed on mandatory low-carbon fuel mandates for commercial cargo vessels by 2035.,worldnews,"September 11, 2026"
World Health Organization Reports Successful Multi-Country Trials of Universal Flu Vaccine,GENEVA (Reuters) - Clinical trial data published in the Lancet demonstrated that a universal mRNA influenza vaccine provided 94% efficacy in preventing severe hospitalizations.,worldnews,"September 10, 2026"
FDA Grants Full Approval for Precision Targeted Oncology Immunotherapy,WASHINGTON (Reuters) - Regulatory authorities approved a novel antibody conjugate therapy for solid tumors following successful phase 3 clinical trials showing significant remission.,politicsNews,"September 09, 2026"
Epidemiologists Document Significant Decline in Vector-Borne Malaria Cases Globally,GENEVA (Reuters) - Public health initiatives and dual-antigen pediatric vaccine campaigns contributed to a 45% reduction in annual malaria transmission across several African nations.,worldnews,"September 08, 2026"
Medical University Hospital Validates Non-Invasive Blood Biomarker for Early Detection,BOSTON (Reuters) - Clinicians at Massachusetts General Hospital reported clinical accuracy in early screening of neurological conditions using circulating plasma biomarkers.,worldnews,"September 07, 2026"
Federal Reserve Holds Interest Rates Steady Amid Cooling Inflation Indicators,"WASHINGTON (Reuters) - The Federal Reserve held benchmark interest rates steady following a monetary policy meeting, citing moderating inflation metrics and stable employment figures.",politicsNews,"September 28, 2026"
United Nations General Assembly Adopts Global Digital Governance Resolution,NEW YORK (Reuters) - Member states of the United Nations voted in favor of a new international framework to ensure ethical deployment of artificial intelligence and safeguard digital infrastructure.,worldnews,"September 27, 2026"
Bipartisan Senate Coalition Introduces Comprehensive Infrastructure Modernization Act,"WASHINGTON (Reuters) - Lawmakers from both major political parties unveiled legislation allocating federal funding for highway repairs, railway enhancements, and municipal water purification facilities.",politicsNews,"September 26, 2026"
Prime Minister Addresses Parliament on Annual Economic Budget Proposals,"NEW DELHI (Reuters) - The Prime Minister presented the annual fiscal budget in parliament today, highlighting public investments in healthcare, national highways, education, and clean energy.",politicsNews,"September 25, 2026"
Supreme Court Issues Landmark Verdict on Environmental Protection Standards,"WASHINGTON (Reuters) - In a majority ruling, the Supreme Court affirmed the authority of environmental regulators to monitor industrial emissions and enforce clean water standards.",politicsNews,"September 24, 2026"
Electoral Commission Announces High Voter Turnout in National Parliamentary Elections,LONDON (Reuters) - Official election observers reported peaceful balloting with voter turnout exceeding 74% across all parliamentary constituencies under international monitoring.,worldnews,"September 23, 2026"
India and France Sign Defense Cooperation Treaty and Maritime Security Agreement,PARIS (Reuters) - Defense ministers from India and France finalized a strategic bilateral agreement expanding joint naval patrols and technology transfers in the Indo-Pacific region.,worldnews,"September 22, 2026"
Government Cabinet Approves National Renewable Solar Power Initiative,BERLIN (Reuters) - The federal cabinet approved a ten-year subsidy program designed to accelerate rooftop solar panel installations and smart grid integration across municipal districts.,politicsNews,"September 21, 2026"
NASA James Webb Space Telescope Detects Atmospheric Water Vapor on Rocky Exoplanet,CAPE CANAVERAL (Reuters) - Astronomers using the James Webb Space Telescope observed definitive spectral lines indicating atmospheric water vapor on a rocky terrestrial exoplanet.,techNews,"September 20, 2026"
NASA Launches Robotic Lander to Explore Ocean Plumes on Jupiter Moon Europa,PASADENA (Reuters) - NASA scientists launched an interplanetary probe to analyze water plumes and organic biosignatures erupting through the icy crust of Europa.,techNews,"September 19, 2026"
Researchers at Stanford University Publish Major Study on Sodium-Ion Battery Chemistry,"PALO ALTO (Reuters) - A research team at Stanford University published findings in Nature Energy demonstrating low-cost sodium-ion battery cells that retain 95% capacity after 3,000 cycles.",techNews,"September 18, 2026"
Semiconductor Manufacturers Begin Mass Production of 2-Nanometer Microprocessors,TAIPEI (Reuters) - Leading semiconductor fabrication facilities commenced commercial shipments of next-generation 2nm processor chips offering 35% higher energy efficiency.,techNews,"September 17, 2026"
International Fusion Reactor Achieves Sustained High-Energy Plasma Confinement,"MARSEILLE (Reuters) - Nuclear physicists achieved a milestone in magnetic confinement fusion, sustaining stable plasma temperatures exceeding 100 million degrees Celsius for twenty minutes.",techNews,"September 16, 2026"
Global Cyber Defense Taskforce Releases Standardized Heuristics Against Ransomware,WASHINGTON (Reuters) - Cybersecurity agencies from twenty countries issued joint technical guidelines outlining automated zero-trust protocols to neutralize distributed ransomware.,techNews,"September 15, 2026"
Stock Markets Rally as Consumer Price Index Confirms Moderating Inflation,NEW YORK (Reuters) - Major stock market indices rose sharply after the Bureau of Labor Statistics released consumer inflation data showing annual price increases slowing to target levels.,worldnews,"September 14, 2026"
Indian Economy Records 7.2 Percent GDP Growth Driven by Manufacturing and Services,"MUMBAI (Reuters) - Government statistics revealed robust quarterly economic expansion led by automotive assembly, capital goods production, and enterprise software exports.",worldnews,"September 13, 2026"
European Central Bank Announces Balanced Monetary Policy and Stable Lending Rates,"FRANKFURT (Reuters) - The European Central Bank kept benchmark deposit rates unchanged, projecting stable euro area economic growth supported by domestic consumption.",worldnews,"September 12, 2026"
International Trade Delegations Finalize Clean Marine Shipping Emission Standards,LONDON (Reuters) - Representatives from the International Maritime Organization agreed on mandatory low-carbon fuel mandates for commercial cargo vessels by 2035.,worldnews,"September 11, 2026"
World Health Organization Reports Successful Multi-Country Trials of Universal Flu Vaccine,GENEVA (Reuters) - Clinical trial data published in the Lancet demonstrated that a universal mRNA influenza vaccine provided 94% efficacy in preventing severe hospitalizations.,worldnews,"September 10, 2026"
FDA Grants Full Approval for Precision Targeted Oncology Immunotherapy,WASHINGTON (Reuters) - Regulatory authorities approved a novel antibody conjugate therapy for solid tumors following successful phase 3 clinical trials showing significant remission.,politicsNews,"September 09, 2026"
Epidemiologists Document Significant Decline in Vector-Borne Malaria Cases Globally,GENEVA (Reuters) - Public health initiatives and dual-antigen pediatric vaccine campaigns contributed to a 45% reduction in annual malaria transmission across several African nations.,worldnews,"September 08, 2026"
Medical University Hospital Validates Non-Invasive Blood Biomarker for Early Detection,BOSTON (Reuters) - Clinicians at Massachusetts General Hospital reported clinical accuracy in early screening of neurological conditions using circulating plasma biomarkers.,worldnews,"September 07, 2026"
Federal Reserve Holds Interest Rates Steady Amid Cooling Inflation Indicators,"WASHINGTON (Reuters) - The Federal Reserve held benchmark interest rates steady following a monetary policy meeting, citing moderating inflation metrics and stable employment figures.",politicsNews,"September 28, 2026"
United Nations General Assembly Adopts Global Digital Governance Resolution,NEW YORK (Reuters) - Member states of the United Nations voted in favor of a new international framework to ensure ethical deployment of artificial intelligence and safeguard digital infrastructure.,worldnews,"September 27, 2026"
Bipartisan Senate Coalition Introduces Comprehensive Infrastructure Modernization Act,"WASHINGTON (Reuters) - Lawmakers from both major political parties unveiled legislation allocating federal funding for highway repairs, railway enhancements, and municipal water purification facilities.",politicsNews,"September 26, 2026"
Prime Minister Addresses Parliament on Annual Economic Budget Proposals,"NEW DELHI (Reuters) - The Prime Minister presented the annual fiscal budget in parliament today, highlighting public investments in healthcare, national highways, education, and clean energy.",politicsNews,"September 25, 2026"
Supreme Court Issues Landmark Verdict on Environmental Protection Standards,"WASHINGTON (Reuters) - In a majority ruling, the Supreme Court affirmed the authority of environmental regulators to monitor industrial emissions and enforce clean water standards.",politicsNews,"September 24, 2026"
Electoral Commission Announces High Voter Turnout in National Parliamentary Elections,LONDON (Reuters) - Official election observers reported peaceful balloting with voter turnout exceeding 74% across all parliamentary constituencies under international monitoring.,worldnews,"September 23, 2026"
India and France Sign Defense Cooperation Treaty and Maritime Security Agreement,PARIS (Reuters) - Defense ministers from India and France finalized a strategic bilateral agreement expanding joint naval patrols and technology transfers in the Indo-Pacific region.,worldnews,"September 22, 2026"
Government Cabinet Approves National Renewable Solar Power Initiative,BERLIN (Reuters) - The federal cabinet approved a ten-year subsidy program designed to accelerate rooftop solar panel installations and smart grid integration across municipal districts.,politicsNews,"September 21, 2026"
NASA James Webb Space Telescope Detects Atmospheric Water Vapor on Rocky Exoplanet,CAPE CANAVERAL (Reuters) - Astronomers using the James Webb Space Telescope observed definitive spectral lines indicating atmospheric water vapor on a rocky terrestrial exoplanet.,techNews,"September 20, 2026"
NASA Launches Robotic Lander to Explore Ocean Plumes on Jupiter Moon Europa,PASADENA (Reuters) - NASA scientists launched an interplanetary probe to analyze water plumes and organic biosignatures erupting through the icy crust of Europa.,techNews,"September 19, 2026"
Researchers at Stanford University Publish Major Study on Sodium-Ion Battery Chemistry,"PALO ALTO (Reuters) - A research team at Stanford University published findings in Nature Energy demonstrating low-cost sodium-ion battery cells that retain 95% capacity after 3,000 cycles.",techNews,"September 18, 2026"
Semiconductor Manufacturers Begin Mass Production of 2-Nanometer Microprocessors,TAIPEI (Reuters) - Leading semiconductor fabrication facilities commenced commercial shipments of next-generation 2nm processor chips offering 35% higher energy efficiency.,techNews,"September 17, 2026"
International Fusion Reactor Achieves Sustained High-Energy Plasma Confinement,"MARSEILLE (Reuters) - Nuclear physicists achieved a milestone in magnetic confinement fusion, sustaining stable plasma temperatures exceeding 100 million degrees Celsius for twenty minutes.",techNews,"September 16, 2026"
Global Cyber Defense Taskforce Releases Standardized Heuristics Against Ransomware,WASHINGTON (Reuters) - Cybersecurity agencies from twenty countries issued joint technical guidelines outlining automated zero-trust protocols to neutralize distributed ransomware.,techNews,"September 15, 2026"
Stock Markets Rally as Consumer Price Index Confirms Moderating Inflation,NEW YORK (Reuters) - Major stock market indices rose sharply after the Bureau of Labor Statistics released consumer inflation data showing annual price increases slowing to target levels.,worldnews,"September 14, 2026"
Indian Economy Records 7.2 Percent GDP Growth Driven by Manufacturing and Services,"MUMBAI (Reuters) - Government statistics revealed robust quarterly economic expansion led by automotive assembly, capital goods production, and enterprise software exports.",worldnews,"September 13, 2026"
European Central Bank Announces Balanced Monetary Policy and Stable Lending Rates,"FRANKFURT (Reuters) - The European Central Bank kept benchmark deposit rates unchanged, projecting stable euro area economic growth supported by domestic consumption.",worldnews,"September 12, 2026"
International Trade Delegations Finalize Clean Marine Shipping Emission Standards,LONDON (Reuters) - Representatives from the International Maritime Organization agreed on mandatory low-carbon fuel mandates for commercial cargo vessels by 2035.,worldnews,"September 11, 2026"
World Health Organization Reports Successful Multi-Country Trials of Universal Flu Vaccine,GENEVA (Reuters) - Clinical trial data published in the Lancet demonstrated that a universal mRNA influenza vaccine provided 94% efficacy in preventing severe hospitalizations.,worldnews,"September 10, 2026"
FDA Grants Full Approval for Precision Targeted Oncology Immunotherapy,WASHINGTON (Reuters) - Regulatory authorities approved a novel antibody conjugate therapy for solid tumors following successful phase 3 clinical trials showing significant remission.,politicsNews,"September 09, 2026"
Epidemiologists Document Significant Decline in Vector-Borne Malaria Cases Globally,GENEVA (Reuters) - Public health initiatives and dual-antigen pediatric vaccine campaigns contributed to a 45% reduction in annual malaria transmission across several African nations.,worldnews,"September 08, 2026"
Medical University Hospital Validates Non-Invasive Blood Biomarker for Early Detection,BOSTON (Reuters) - Clinicians at Massachusetts General Hospital reported clinical accuracy in early screening of neurological conditions using circulating plasma biomarkers.,worldnews,"September 07, 2026"
Federal Reserve Holds Interest Rates Steady Amid Cooling Inflation Indicators,"WASHINGTON (Reuters) - The Federal Reserve held benchmark interest rates steady following a monetary policy meeting, citing moderating inflation metrics and stable employment figures.",politicsNews,"September 28, 2026"
United Nations General Assembly Adopts Global Digital Governance Resolution,NEW YORK (Reuters) - Member states of the United Nations voted in favor of a new international framework to ensure ethical deployment of artificial intelligence and safeguard digital infrastructure.,worldnews,"September 27, 2026"
Bipartisan Senate Coalition Introduces Comprehensive Infrastructure Modernization Act,"WASHINGTON (Reuters) - Lawmakers from both major political parties unveiled legislation allocating federal funding for highway repairs, railway enhancements, and municipal water purification facilities.",politicsNews,"September 26, 2026"
Prime Minister Addresses Parliament on Annual Economic Budget Proposals,"NEW DELHI (Reuters) - The Prime Minister presented the annual fiscal budget in parliament today, highlighting public investments in healthcare, national highways, education, and clean energy.",politicsNews,"September 25, 2026"
Supreme Court Issues Landmark Verdict on Environmental Protection Standards,"WASHINGTON (Reuters) - In a majority ruling, the Supreme Court affirmed the authority of environmental regulators to monitor industrial emissions and enforce clean water standards.",politicsNews,"September 24, 2026"
Electoral Commission Announces High Voter Turnout in National Parliamentary Elections,LONDON (Reuters) - Official election observers reported peaceful balloting with voter turnout exceeding 74% across all parliamentary constituencies under international monitoring.,worldnews,"September 23, 2026"
India and France Sign Defense Cooperation Treaty and Maritime Security Agreement,PARIS (Reuters) - Defense ministers from India and France finalized a strategic bilateral agreement expanding joint naval patrols and technology transfers in the Indo-Pacific region.,worldnews,"September 22, 2026"
Government Cabinet Approves National Renewable Solar Power Initiative,BERLIN (Reuters) - The federal cabinet approved a ten-year subsidy program designed to accelerate rooftop solar panel installations and smart grid integration across municipal districts.,politicsNews,"September 21, 2026"
NASA James Webb Space Telescope Detects Atmospheric Water Vapor on Rocky Exoplanet,CAPE CANAVERAL (Reuters) - Astronomers using the James Webb Space Telescope observed definitive spectral lines indicating atmospheric water vapor on a rocky terrestrial exoplanet.,techNews,"September 20, 2026"
NASA Launches Robotic Lander to Explore Ocean Plumes on Jupiter Moon Europa,PASADENA (Reuters) - NASA scientists launched an interplanetary probe to analyze water plumes and organic biosignatures erupting through the icy crust of Europa.,techNews,"September 19, 2026"
Researchers at Stanford University Publish Major Study on Sodium-Ion Battery Chemistry,"PALO ALTO (Reuters) - A research team at Stanford University published findings in Nature Energy demonstrating low-cost sodium-ion battery cells that retain 95% capacity after 3,000 cycles.",techNews,"September 18, 2026"
Semiconductor Manufacturers Begin Mass Production of 2-Nanometer Microprocessors,TAIPEI (Reuters) - Leading semiconductor fabrication facilities commenced commercial shipments of next-generation 2nm processor chips offering 35% higher energy efficiency.,techNews,"September 17, 2026"
International Fusion Reactor Achieves Sustained High-Energy Plasma Confinement,"MARSEILLE (Reuters) - Nuclear physicists achieved a milestone in magnetic confinement fusion, sustaining stable plasma temperatures exceeding 100 million degrees Celsius for twenty minutes.",techNews,"September 16, 2026"
Global Cyber Defense Taskforce Releases Standardized Heuristics Against Ransomware,WASHINGTON (Reuters) - Cybersecurity agencies from twenty countries issued joint technical guidelines outlining automated zero-trust protocols to neutralize distributed ransomware.,techNews,"September 15, 2026"
Stock Markets Rally as Consumer Price Index Confirms Moderating Inflation,NEW YORK (Reuters) - Major stock market indices rose sharply after the Bureau of Labor Statistics released consumer inflation data showing annual price increases slowing to target levels.,worldnews,"September 14, 2026"
Indian Economy Records 7.2 Percent GDP Growth Driven by Manufacturing and Services,"MUMBAI (Reuters) - Government statistics revealed robust quarterly economic expansion led by automotive assembly, capital goods production, and enterprise software exports.",worldnews,"September 13, 2026"
European Central Bank Announces Balanced Monetary Policy and Stable Lending Rates,"FRANKFURT (Reuters) - The European Central Bank kept benchmark deposit rates unchanged, projecting stable euro area economic growth supported by domestic consumption.",worldnews,"September 12, 2026"
International Trade Delegations Finalize Clean Marine Shipping Emission Standards,LONDON (Reuters) - Representatives from the International Maritime Organization agreed on mandatory low-carbon fuel mandates for commercial cargo vessels by 2035.,worldnews,"September 11, 2026"
World Health Organization Reports Successful Multi-Country Trials of Universal Flu Vaccine,GENEVA (Reuters) - Clinical trial data published in the Lancet demonstrated that a universal mRNA influenza vaccine provided 94% efficacy in preventing severe hospitalizations.,worldnews,"September 10, 2026"
FDA Grants Full Approval for Precision Targeted Oncology Immunotherapy,WASHINGTON (Reuters) - Regulatory authorities approved a novel antibody conjugate therapy for solid tumors following successful phase 3 clinical trials showing significant remission.,politicsNews,"September 09, 2026"
Epidemiologists Document Significant Decline in Vector-Borne Malaria Cases Globally,GENEVA (Reuters) - Public health initiatives and dual-antigen pediatric vaccine campaigns contributed to a 45% reduction in annual malaria transmission across several African nations.,worldnews,"September 08, 2026"
Medical University Hospital Validates Non-Invasive Blood Biomarker for Early Detection,BOSTON (Reuters) - Clinicians at Massachusetts General Hospital reported clinical accuracy in early screening of neurological conditions using circulating plasma biomarkers.,worldnews,"September 07, 2026"
Federal Reserve Holds Interest Rates Steady Amid Cooling Inflation Indicators,"WASHINGTON (Reuters) - The Federal Reserve held benchmark interest rates steady following a monetary policy meeting, citing moderating inflation metrics and stable employment figures.",politicsNews,"September 28, 2026"
United Nations General Assembly Adopts Global Digital Governance Resolution,NEW YORK (Reuters) - Member states of the United Nations voted in favor of a new international framework to ensure ethical deployment of artificial intelligence and safeguard digital infrastructure.,worldnews,"September 27, 2026"
Bipartisan Senate Coalition Introduces Comprehensive Infrastructure Modernization Act,"WASHINGTON (Reuters) - Lawmakers from both major political parties unveiled legislation allocating federal funding for highway repairs, railway enhancements, and municipal water purification facilities.",politicsNews,"September 26, 2026"
Prime Minister Addresses Parliament on Annual Economic Budget Proposals,"NEW DELHI (Reuters) - The Prime Minister presented the annual fiscal budget in parliament today, highlighting public investments in healthcare, national highways, education, and clean energy.",politicsNews,"September 25, 2026"
Supreme Court Issues Landmark Verdict on Environmental Protection Standards,"WASHINGTON (Reuters) - In a majority ruling, the Supreme Court affirmed the authority of environmental regulators to monitor industrial emissions and enforce clean water standards.",politicsNews,"September 24, 2026"
Electoral Commission Announces High Voter Turnout in National Parliamentary Elections,LONDON (Reuters) - Official election observers reported peaceful balloting with voter turnout exceeding 74% across all parliamentary constituencies under international monitoring.,worldnews,"September 23, 2026"
India and France Sign Defense Cooperation Treaty and Maritime Security Agreement,PARIS (Reuters) - Defense ministers from India and France finalized a strategic bilateral agreement expanding joint naval patrols and technology transfers in the Indo-Pacific region.,worldnews,"September 22, 2026"
Government Cabinet Approves National Renewable Solar Power Initiative,BERLIN (Reuters) - The federal cabinet approved a ten-year subsidy program designed to accelerate rooftop solar panel installations and smart grid integration across municipal districts.,politicsNews,"September 21, 2026"
NASA James Webb Space Telescope Detects Atmospheric Water Vapor on Rocky Exoplanet,CAPE CANAVERAL (Reuters) - Astronomers using the James Webb Space Telescope observed definitive spectral lines indicating atmospheric water vapor on a rocky terrestrial exoplanet.,techNews,"September 20, 2026"
NASA Launches Robotic Lander to Explore Ocean Plumes on Jupiter Moon Europa,PASADENA (Reuters) - NASA scientists launched an interplanetary probe to analyze water plumes and organic biosignatures erupting through the icy crust of Europa.,techNews,"September 19, 2026"
Researchers at Stanford University Publish Major Study on Sodium-Ion Battery Chemistry,"PALO ALTO (Reuters) - A research team at Stanford University published findings in Nature Energy demonstrating low-cost sodium-ion battery cells that retain 95% capacity after 3,000 cycles.",techNews,"September 18, 2026"
Semiconductor Manufacturers Begin Mass Production of 2-Nanometer Microprocessors,TAIPEI (Reuters) - Leading semiconductor fabrication facilities commenced commercial shipments of next-generation 2nm processor chips offering 35% higher energy efficiency.,techNews,"September 17, 2026"
International Fusion Reactor Achieves Sustained High-Energy Plasma Confinement,"MARSEILLE (Reuters) - Nuclear physicists achieved a milestone in magnetic confinement fusion, sustaining stable plasma temperatures exceeding 100 million degrees Celsius for twenty minutes.",techNews,"September 16, 2026"
Global Cyber Defense Taskforce Releases Standardized Heuristics Against Ransomware,WASHINGTON (Reuters) - Cybersecurity agencies from twenty countries issued joint technical guidelines outlining automated zero-trust protocols to neutralize distributed ransomware.,techNews,"September 15, 2026"
Stock Markets Rally as Consumer Price Index Confirms Moderating Inflation,NEW YORK (Reuters) - Major stock market indices rose sharply after the Bureau of Labor Statistics released consumer inflation data showing annual price increases slowing to target levels.,worldnews,"September 14, 2026"
Indian Economy Records 7.2 Percent GDP Growth Driven by Manufacturing and Services,"MUMBAI (Reuters) - Government statistics revealed robust quarterly economic expansion led by automotive assembly, capital goods production, and enterprise software exports.",worldnews,"September 13, 2026"
European Central Bank Announces Balanced Monetary Policy and Stable Lending Rates,"FRANKFURT (Reuters) - The European Central Bank kept benchmark deposit rates unchanged, projecting stable euro area economic growth supported by domestic consumption.",worldnews,"September 12, 2026"
International Trade Delegations Finalize Clean Marine Shipping Emission Standards,LONDON (Reuters) - Representatives from the International Maritime Organization agreed on mandatory low-carbon fuel mandates for commercial cargo vessels by 2035.,worldnews,"September 11, 2026"
World Health Organization Reports Successful Multi-Country Trials of Universal Flu Vaccine,GENEVA (Reuters) - Clinical trial data published in the Lancet demonstrated that a universal mRNA influenza vaccine provided 94% efficacy in preventing severe hospitalizations.,worldnews,"September 10, 2026"
FDA Grants Full Approval for Precision Targeted Oncology Immunotherapy,WASHINGTON (Reuters) - Regulatory authorities approved a novel antibody conjugate therapy for solid tumors following successful phase 3 clinical trials showing significant remission.,politicsNews,"September 09, 2026"
Epidemiologists Document Significant Decline in Vector-Borne Malaria Cases Globally,GENEVA (Reuters) - Public health initiatives and dual-antigen pediatric vaccine campaigns contributed to a 45% reduction in annual malaria transmission across several African nations.,worldnews,"September 08, 2026"
Medical University Hospital Validates Non-Invasive Blood Biomarker for Early Detection,BOSTON (Reuters) - Clinicians at Massachusetts General Hospital reported clinical accuracy in early screening of neurological conditions using circulating plasma biomarkers.,worldnews,"September 07, 2026"
Federal Reserve Holds Interest Rates Steady Amid Cooling Inflation Indicators,"WASHINGTON (Reuters) - The Federal Reserve held benchmark interest rates steady following a monetary policy meeting, citing moderating inflation metrics and stable employment figures.",politicsNews,"September 28, 2026"
United Nations General Assembly Adopts Global Digital Governance Resolution,NEW YORK (Reuters) - Member states of the United Nations voted in favor of a new international framework to ensure ethical deployment of artificial intelligence and safeguard digital infrastructure.,worldnews,"September 27, 2026"
Bipartisan Senate Coalition Introduces Comprehensive Infrastructure Modernization Act,"WASHINGTON (Reuters) - Lawmakers from both major political parties unveiled legislation allocating federal funding for highway repairs, railway enhancements, and municipal water purification facilities.",politicsNews,"September 26, 2026"
Prime Minister Addresses Parliament on Annual Economic Budget Proposals,"NEW DELHI (Reuters) - The Prime Minister presented the annual fiscal budget in parliament today, highlighting public investments in healthcare, national highways, education, and clean energy.",politicsNews,"September 25, 2026"
Supreme Court Issues Landmark Verdict on Environmental Protection Standards,"WASHINGTON (Reuters) - In a majority ruling, the Supreme Court affirmed the authority of environmental regulators to monitor industrial emissions and enforce clean water standards.",politicsNews,"September 24, 2026"
Electoral Commission Announces High Voter Turnout in National Parliamentary Elections,LONDON (Reuters) - Official election observers reported peaceful balloting with voter turnout exceeding 74% across all parliamentary constituencies under international monitoring.,worldnews,"September 23, 2026"
India and France Sign Defense Cooperation Treaty and Maritime Security Agreement,PARIS (Reuters) - Defense ministers from India and France finalized a strategic bilateral agreement expanding joint naval patrols and technology transfers in the Indo-Pacific region.,worldnews,"September 22, 2026"
Government Cabinet Approves National Renewable Solar Power Initiative,BERLIN (Reuters) - The federal cabinet approved a ten-year subsidy program designed to accelerate rooftop solar panel installations and smart grid integration across municipal districts.,politicsNews,"September 21, 2026"
NASA James Webb Space Telescope Detects Atmospheric Water Vapor on Rocky Exoplanet,CAPE CANAVERAL (Reuters) - Astronomers using the James Webb Space Telescope observed definitive spectral lines indicating atmospheric water vapor on a rocky terrestrial exoplanet.,techNews,"September 20, 2026"
NASA Launches Robotic Lander to Explore Ocean Plumes on Jupiter Moon Europa,PASADENA (Reuters) - NASA scientists launched an interplanetary probe to analyze water plumes and organic biosignatures erupting through the icy crust of Europa.,techNews,"September 19, 2026"
Researchers at Stanford University Publish Major Study on Sodium-Ion Battery Chemistry,"PALO ALTO (Reuters) - A research team at Stanford University published findings in Nature Energy demonstrating low-cost sodium-ion battery cells that retain 95% capacity after 3,000 cycles.",techNews,"September 18, 2026"
Semiconductor Manufacturers Begin Mass Production of 2-Nanometer Microprocessors,TAIPEI (Reuters) - Leading semiconductor fabrication facilities commenced commercial shipments of next-generation 2nm processor chips offering 35% higher energy efficiency.,techNews,"September 17, 2026"
International Fusion Reactor Achieves Sustained High-Energy Plasma Confinement,"MARSEILLE (Reuters) - Nuclear physicists achieved a milestone in magnetic confinement fusion, sustaining stable plasma temperatures exceeding 100 million degrees Celsius for twenty minutes.",techNews,"September 16, 2026"
Global Cyber Defense Taskforce Releases Standardized Heuristics Against Ransomware,WASHINGTON (Reuters) - Cybersecurity agencies from twenty countries issued joint technical guidelines outlining automated zero-trust protocols to neutralize distributed ransomware.,techNews,"September 15, 2026"
Stock Markets Rally as Consumer Price Index Confirms Moderating Inflation,NEW YORK (Reuters) - Major stock market indices rose sharply after the Bureau of Labor Statistics released consumer inflation data showing annual price increases slowing to target levels.,worldnews,"September 14, 2026"
Indian Economy Records 7.2 Percent GDP Growth Driven by Manufacturing and Services,"MUMBAI (Reuters) - Government statistics revealed robust quarterly economic expansion led by automotive assembly, capital goods production, and enterprise software exports.",worldnews,"September 13, 2026"
European Central Bank Announces Balanced Monetary Policy and Stable Lending Rates,"FRANKFURT (Reuters) - The European Central Bank kept benchmark deposit rates unchanged, projecting stable euro area economic growth supported by domestic consumption.",worldnews,"September 12, 2026"
International Trade Delegations Finalize Clean Marine Shipping Emission Standards,LONDON (Reuters) - Representatives from the International Maritime Organization agreed on mandatory low-carbon fuel mandates for commercial cargo vessels by 2035.,worldnews,"September 11, 2026"
World Health Organization Reports Successful Multi-Country Trials of Universal Flu Vaccine,GENEVA (Reuters) - Clinical trial data published in the Lancet demonstrated that a universal mRNA influenza vaccine provided 94% efficacy in preventing severe hospitalizations.,worldnews,"September 10, 2026"
FDA Grants Full Approval for Precision Targeted Oncology Immunotherapy,WASHINGTON (Reuters) - Regulatory authorities approved a novel antibody conjugate therapy for solid tumors following successful phase 3 clinical trials showing significant remission.,politicsNews,"September 09, 2026"
Epidemiologists Document Significant Decline in Vector-Borne Malaria Cases Globally,GENEVA (Reuters) - Public health initiatives and dual-antigen pediatric vaccine campaigns contributed to a 45% reduction in annual malaria transmission across several African nations.,worldnews,"September 08, 2026"
Medical University Hospital Validates Non-Invasive Blood Biomarker for Early Detection,BOSTON (Reuters) - Clinicians at Massachusetts General Hospital reported clinical accuracy in early screening of neurological conditions using circulating plasma biomarkers.,worldnews,"September 07, 2026"
Federal Reserve Holds Interest Rates Steady Amid Cooling Inflation Indicators,"WASHINGTON (Reuters) - The Federal Reserve held benchmark interest rates steady following a monetary policy meeting, citing moderating inflation metrics and stable employment figures.",politicsNews,"September 28, 2026"
United Nations General Assembly Adopts Global Digital Governance Resolution,NEW YORK (Reuters) - Member states of the United Nations voted in favor of a new international framework to ensure ethical deployment of artificial intelligence and safeguard digital infrastructure.,worldnews,"September 27, 2026"
Bipartisan Senate Coalition Introduces Comprehensive Infrastructure Modernization Act,"WASHINGTON (Reuters) - Lawmakers from both major political parties unveiled legislation allocating federal funding for highway repairs, railway enhancements, and municipal water purification facilities.",politicsNews,"September 26, 2026"
Prime Minister Addresses Parliament on Annual Economic Budget Proposals,"NEW DELHI (Reuters) - The Prime Minister presented the annual fiscal budget in parliament today, highlighting public investments in healthcare, national highways, education, and clean energy.",politicsNews,"September 25, 2026"
Supreme Court Issues Landmark Verdict on Environmental Protection Standards,"WASHINGTON (Reuters) - In a majority ruling, the Supreme Court affirmed the authority of environmental regulators to monitor industrial emissions and enforce clean water standards.",politicsNews,"September 24, 2026"
Electoral Commission Announces High Voter Turnout in National Parliamentary Elections,LONDON (Reuters) - Official election observers reported peaceful balloting with voter turnout exceeding 74% across all parliamentary constituencies under international monitoring.,worldnews,"September 23, 2026"
India and France Sign Defense Cooperation Treaty and Maritime Security Agreement,PARIS (Reuters) - Defense ministers from India and France finalized a strategic bilateral agreement expanding joint naval patrols and technology transfers in the Indo-Pacific region.,worldnews,"September 22, 2026"
Government Cabinet Approves National Renewable Solar Power Initiative,BERLIN (Reuters) - The federal cabinet approved a ten-year subsidy program designed to accelerate rooftop solar panel installations and smart grid integration across municipal districts.,politicsNews,"September 21, 2026"
NASA James Webb Space Telescope Detects Atmospheric Water Vapor on Rocky Exoplanet,CAPE CANAVERAL (Reuters) - Astronomers using the James Webb Space Telescope observed definitive spectral lines indicating atmospheric water vapor on a rocky terrestrial exoplanet.,techNews,"September 20, 2026"
NASA Launches Robotic Lander to Explore Ocean Plumes on Jupiter Moon Europa,PASADENA (Reuters) - NASA scientists launched an interplanetary probe to analyze water plumes and organic biosignatures erupting through the icy crust of Europa.,techNews,"September 19, 2026"
Researchers at Stanford University Publish Major Study on Sodium-Ion Battery Chemistry,"PALO ALTO (Reuters) - A research team at Stanford University published findings in Nature Energy demonstrating low-cost sodium-ion battery cells that retain 95% capacity after 3,000 cycles.",techNews,"September 18, 2026"
Semiconductor Manufacturers Begin Mass Production of 2-Nanometer Microprocessors,TAIPEI (Reuters) - Leading semiconductor fabrication facilities commenced commercial shipments of next-generation 2nm processor chips offering 35% higher energy efficiency.,techNews,"September 17, 2026"
International Fusion Reactor Achieves Sustained High-Energy Plasma Confinement,"MARSEILLE (Reuters) - Nuclear physicists achieved a milestone in magnetic confinement fusion, sustaining stable plasma temperatures exceeding 100 million degrees Celsius for twenty minutes.",techNews,"September 16, 2026"
Global Cyber Defense Taskforce Releases Standardized Heuristics Against Ransomware,WASHINGTON (Reuters) - Cybersecurity agencies from twenty countries issued joint technical guidelines outlining automated zero-trust protocols to neutralize distributed ransomware.,techNews,"September 15, 2026"
Stock Markets Rally as Consumer Price Index Confirms Moderating Inflation,NEW YORK (Reuters) - Major stock market indices rose sharply after the Bureau of Labor Statistics released consumer inflation data showing annual price increases slowing to target levels.,worldnews,"September 14, 2026"
Indian Economy Records 7.2 Percent GDP Growth Driven by Manufacturing and Services,"MUMBAI (Reuters) - Government statistics revealed robust quarterly economic expansion led by automotive assembly, capital goods production, and enterprise software exports.",worldnews,"September 13, 2026"
European Central Bank Announces Balanced Monetary Policy and Stable Lending Rates,"FRANKFURT (Reuters) - The European Central Bank kept benchmark deposit rates unchanged, projecting stable euro area economic growth supported by domestic consumption.",worldnews,"September 12, 2026"
International Trade Delegations Finalize Clean Marine Shipping Emission Standards,LONDON (Reuters) - Representatives from the International Maritime Organization agreed on mandatory low-carbon fuel mandates for commercial cargo vessels by 2035.,worldnews,"September 11, 2026"
World Health Organization Reports Successful Multi-Country Trials of Universal Flu Vaccine,GENEVA (Reuters) - Clinical trial data published in the Lancet demonstrated that a universal mRNA influenza vaccine provided 94% efficacy in preventing severe hospitalizations.,worldnews,"September 10, 2026"
FDA Grants Full Approval for Precision Targeted Oncology Immunotherapy,WASHINGTON (Reuters) - Regulatory authorities approved a novel antibody conjugate therapy for solid tumors following successful phase 3 clinical trials showing significant remission.,politicsNews,"September 09, 2026"
Epidemiologists Document Significant Decline in Vector-Borne Malaria Cases Globally,GENEVA (Reuters) - Public health initiatives and dual-antigen pediatric vaccine campaigns contributed to a 45% reduction in annual malaria transmission across several African nations.,worldnews,"September 08, 2026"
Medical University Hospital Validates Non-Invasive Blood Biomarker for Early Detection,BOSTON (Reuters) - Clinicians at Massachusetts General Hospital reported clinical accuracy in early screening of neurological conditions using circulating plasma biomarkers.,worldnews,"September 07, 2026"
Federal Reserve Holds Interest Rates Steady Amid Cooling Inflation Indicators,"WASHINGTON (Reuters) - The Federal Reserve held benchmark interest rates steady following a monetary policy meeting, citing moderating inflation metrics and stable employment figures.",politicsNews,"September 28, 2026"
United Nations General Assembly Adopts Global Digital Governance Resolution,NEW YORK (Reuters) - Member states of the United Nations voted in favor of a new international framework to ensure ethical deployment of artificial intelligence and safeguard digital infrastructure.,worldnews,"September 27, 2026"
Bipartisan Senate Coalition Introduces Comprehensive Infrastructure Modernization Act,"WASHINGTON (Reuters) - Lawmakers from both major political parties unveiled legislation allocating federal funding for highway repairs, railway enhancements, and municipal water purification facilities.",politicsNews,"September 26, 2026"
Prime Minister Addresses Parliament on Annual Economic Budget Proposals,"NEW DELHI (Reuters) - The Prime Minister presented the annual fiscal budget in parliament today, highlighting public investments in healthcare, national highways, education, and clean energy.",politicsNews,"September 25, 2026"
Supreme Court Issues Landmark Verdict on Environmental Protection Standards,"WASHINGTON (Reuters) - In a majority ruling, the Supreme Court affirmed the authority of environmental regulators to monitor industrial emissions and enforce clean water standards.",politicsNews,"September 24, 2026"
Electoral Commission Announces High Voter Turnout in National Parliamentary Elections,LONDON (Reuters) - Official election observers reported peaceful balloting with voter turnout exceeding 74% across all parliamentary constituencies under international monitoring.,worldnews,"September 23, 2026"
India and France Sign Defense Cooperation Treaty and Maritime Security Agreement,PARIS (Reuters) - Defense ministers from India and France finalized a strategic bilateral agreement expanding joint naval patrols and technology transfers in the Indo-Pacific region.,worldnews,"September 22, 2026"
Government Cabinet Approves National Renewable Solar Power Initiative,BERLIN (Reuters) - The federal cabinet approved a ten-year subsidy program designed to accelerate rooftop solar panel installations and smart grid integration across municipal districts.,politicsNews,"September 21, 2026"
NASA James Webb Space Telescope Detects Atmospheric Water Vapor on Rocky Exoplanet,CAPE CANAVERAL (Reuters) - Astronomers using the James Webb Space Telescope observed definitive spectral lines indicating atmospheric water vapor on a rocky terrestrial exoplanet.,techNews,"September 20, 2026"
NASA Launches Robotic Lander to Explore Ocean Plumes on Jupiter Moon Europa,PASADENA (Reuters) - NASA scientists launched an interplanetary probe to analyze water plumes and organic biosignatures erupting through the icy crust of Europa.,techNews,"September 19, 2026"
Researchers at Stanford University Publish Major Study on Sodium-Ion Battery Chemistry,"PALO ALTO (Reuters) - A research team at Stanford University published findings in Nature Energy demonstrating low-cost sodium-ion battery cells that retain 95% capacity after 3,000 cycles.",techNews,"September 18, 2026"
Semiconductor Manufacturers Begin Mass Production of 2-Nanometer Microprocessors,TAIPEI (Reuters) - Leading semiconductor fabrication facilities commenced commercial shipments of next-generation 2nm processor chips offering 35% higher energy efficiency.,techNews,"September 17, 2026"
International Fusion Reactor Achieves Sustained High-Energy Plasma Confinement,"MARSEILLE (Reuters) - Nuclear physicists achieved a milestone in magnetic confinement fusion, sustaining stable plasma temperatures exceeding 100 million degrees Celsius for twenty minutes.",techNews,"September 16, 2026"
Global Cyber Defense Taskforce Releases Standardized Heuristics Against Ransomware,WASHINGTON (Reuters) - Cybersecurity agencies from twenty countries issued joint technical guidelines outlining automated zero-trust protocols to neutralize distributed ransomware.,techNews,"September 15, 2026"
Stock Markets Rally as Consumer Price Index Confirms Moderating Inflation,NEW YORK (Reuters) - Major stock market indices rose sharply after the Bureau of Labor Statistics released consumer inflation data showing annual price increases slowing to target levels.,worldnews,"September 14, 2026"
Indian Economy Records 7.2 Percent GDP Growth Driven by Manufacturing and Services,"MUMBAI (Reuters) - Government statistics revealed robust quarterly economic expansion led by automotive assembly, capital goods production, and enterprise software exports.",worldnews,"September 13, 2026"
European Central Bank Announces Balanced Monetary Policy and Stable Lending Rates,"FRANKFURT (Reuters) - The European Central Bank kept benchmark deposit rates unchanged, projecting stable euro area economic growth supported by domestic consumption.",worldnews,"September 12, 2026"
International Trade Delegations Finalize Clean Marine Shipping Emission Standards,LONDON (Reuters) - Representatives from the International Maritime Organization agreed on mandatory low-carbon fuel mandates for commercial cargo vessels by 2035.,worldnews,"September 11, 2026"
World Health Organization Reports Successful Multi-Country Trials of Universal Flu Vaccine,GENEVA (Reuters) - Clinical trial data published in the Lancet demonstrated that a universal mRNA influenza vaccine provided 94% efficacy in preventing severe hospitalizations.,worldnews,"September 10, 2026"
FDA Grants Full Approval for Precision Targeted Oncology Immunotherapy,WASHINGTON (Reuters) - Regulatory authorities approved a novel antibody conjugate therapy for solid tumors following successful phase 3 clinical trials showing significant remission.,politicsNews,"September 09, 2026"
Epidemiologists Document Significant Decline in Vector-Borne Malaria Cases Globally,GENEVA (Reuters) - Public health initiatives and dual-antigen pediatric vaccine campaigns contributed to a 45% reduction in annual malaria transmission across several African nations.,worldnews,"September 08, 2026"
Medical University Hospital Validates Non-Invasive Blood Biomarker for Early Detection,BOSTON (Reuters) - Clinicians at Massachusetts General Hospital reported clinical accuracy in early screening of neurological conditions using circulating plasma biomarkers.,worldnews,"September 07, 2026"
